{"001":{"contains":["019","002","150","142","009"]},"002":{"contains":["015","011","017","014","018"]},"003":{"contains":["021","013","029"]},"005":{"contains":["AR","BO","BR","CL","CO","EC","FK","GF","GY","PE","PY","SR","UY","VE"]},"009":{"contains":["053","054","057","061","QO"]},"011":{"contains":["BF","BJ","CI","CV","GH","GM","GN","GW","LR","ML","MR","NE","NG","SH","SL","SN","TG"]},"013":{"contains":["BZ","CR","GT","HN","MX","NI","PA","SV"]},"014":{"contains":["BI","DJ","ER","ET","KE","KM","MG","MU","MW","MZ","RE","RW","SC","SO","TZ","UG","YT","ZM","ZW"]},"015":{"contains":["DZ","EG","EH","LY","MA","SD","SS","TN","EA","IC"]},"017":{"contains":["AO","CD","CF","CG","CM","GA","GQ","ST","TD"]},"018":{"contains":["BW","LS","NA","SZ","ZA"]},"019":{"contains":["021","013","029","005"]},"021":{"contains":["BM","CA","GL","PM","US"]},"029":{"contains":["AG","AI","AW","BB","BL","BQ","BS","CU","CW","DM","DO","GD","GP","HT","JM","KN","KY","LC","MF","MQ","MS","PR","SX","TC","TT","VC","VG","VI"]},"030":{"contains":["CN","HK","JP","KP","KR","MN","MO","TW"]},"034":{"contains":["AF","BD","BT","IN","IR","LK","MV","NP","PK"]},"035":{"contains":["BN","ID","KH","LA","MM","MY","PH","SG","TH","TL","VN"]},"039":{"contains":["AD","AL","BA","ES","GI","GR","HR","IT","ME","MK","MT","RS","PT","SI","SM","VA","XK"]},"053":{"contains":["AU","NF","NZ"]},"054":{"contains":["FJ","NC","PG","SB","VU"]},"057":{"contains":["FM","GU","KI","MH","MP","NR","PW"]},"061":{"contains":["AS","CK","NU","PF","PN","TK","TO","TV","WF","WS"]},"142":{"contains":["145","143","030","034","035"]},"143":{"contains":["TM","TJ","KG","KZ","UZ"]},"145":{"contains":["AE","AM","AZ","BH","CY","GE","IL","IQ","JO","KW","LB","OM","PS","QA","SA","SY","TR","YE"]},"150":{"contains":["154","155","151","039"]},"151":{"contains":["BG","BY","CZ","HU","MD","PL","RO","RU","SK","UA"]},"154":{"contains":["GG","IM","JE","AX","DK","EE","FI","FO","GB","IE","IS","LT","LV","NO","SE","SJ"]},"155":{"contains":["AT","BE","CH","DE","FR","LI","LU","MC","NL"]},"419":{"contains":["013","029","005"]},"EU":{"contains":["AT","BE","CY","CZ","DE","DK","EE","ES","FI","FR","GB","GR","HR","HU","IE","IT","LT","LU","LV","MT","NL","PL","PT","SE","SI","SK","BG","RO"]},"QO":{"contains":["AQ","BV","CC","CX","GS","HM","IO","TF","UM","AC","CP","DG","TA"]}}