{"minDays":{"001":1,"GU":1,"UM":1,"US":1,"VI":1,"AD":4,"AN":4,"AT":4,"AX":4,"BE":4,"BG":4,"CH":4,"CZ":4,"DE":4,"DK":4,"EE":4,"ES":4,"FI":4,"FJ":4,"FO":4,"FR":4,"GB":4,"GF":4,"GG":4,"GI":4,"GP":4,"GR":4,"HU":4,"IE":4,"IM":4,"IS":4,"IT":4,"JE":4,"LI":4,"LT":4,"LU":4,"MC":4,"MQ":4,"NL":4,"NO":4,"PL":4,"PT":4,"RE":4,"SE":4,"SJ":4,"SK":4,"SM":4,"VA":4},"firstDay":{"001":1,"AD":1,"AI":1,"AL":1,"AM":1,"AN":1,"AT":1,"AX":1,"AZ":1,"BA":1,"BE":1,"BG":1,"BM":1,"BN":1,"BY":1,"CH":1,"CL":1,"CM":1,"CR":1,"CY":1,"CZ":1,"DE":1,"DK":1,"EC":1,"EE":1,"ES":1,"FI":1,"FJ":1,"FO":1,"FR":1,"GB":1,"GE":1,"GF":1,"GP":1,"GR":1,"HR":1,"HU":1,"IS":1,"IT":1,"KG":1,"KZ":1,"LB":1,"LI":1,"LK":1,"LT":1,"LU":1,"LV":1,"MC":1,"MD":1,"ME":1,"MK":1,"MN":1,"MQ":1,"MY":1,"NL":1,"NO":1,"PL":1,"PT":1,"RE":1,"RO":1,"RS":1,"RU":1,"SE":1,"SI":1,"SK":1,"SM":1,"TJ":1,"TM":1,"TR":1,"UA":1,"UY":1,"UZ":1,"VA":1,"VN":1,"XK":1,"AE":6,"AF":6,"BH":6,"DJ":6,"DZ":6,"EG":6,"IQ":6,"IR":6,"JO":6,"KW":6,"LY":6,"MA":6,"OM":6,"QA":6,"SD":6,"SY":6,"AG":0,"AR":0,"AS":0,"AU":0,"BR":0,"BS":0,"BT":0,"BW":0,"BZ":0,"CA":0,"CN":0,"CO":0,"DM":0,"DO":0,"ET":0,"GT":0,"GU":0,"HK":0,"HN":0,"ID":0,"IE":0,"IL":0,"IN":0,"JM":0,"JP":0,"KE":0,"KH":0,"KR":0,"LA":0,"MH":0,"MM":0,"MO":0,"MT":0,"MX":0,"MZ":0,"NI":0,"NP":0,"NZ":0,"PA":0,"PE":0,"PH":0,"PK":0,"PR":0,"PY":0,"SA":0,"SG":0,"SV":0,"TH":0,"TN":0,"TT":0,"TW":0,"UM":0,"US":0,"VE":0,"VI":0,"WS":0,"YE":0,"ZA":0,"ZW":0,"BD":5,"MV":5}}