{"months":{"format":{"abbreviated":{"1":"jan.","2":"febr.","3":"márc.","4":"ápr.","5":"máj.","6":"jún.","7":"júl.","8":"aug.","9":"szept.","10":"okt.","11":"nov.","12":"dec."},"narrow":{"1":"J","2":"F","3":"M","4":"Á","5":"M","6":"J","7":"J","8":"A","9":"Sz","10":"O","11":"N","12":"D"},"wide":{"1":"január","2":"február","3":"március","4":"április","5":"május","6":"június","7":"július","8":"augusztus","9":"szeptember","10":"október","11":"november","12":"december"}},"stand-alone":{"abbreviated":{"1":"jan.","2":"febr.","3":"márc.","4":"ápr.","5":"máj.","6":"jún.","7":"júl.","8":"aug.","9":"szept.","10":"okt.","11":"nov.","12":"dec."},"narrow":{"1":"J","2":"F","3":"M","4":"Á","5":"M","6":"J","7":"J","8":"A","9":"Sz","10":"O","11":"N","12":"D"},"wide":{"1":"január","2":"február","3":"március","4":"április","5":"május","6":"június","7":"július","8":"augusztus","9":"szeptember","10":"október","11":"november","12":"december"}}},"days":{"format":{"abbreviated":{"sun":"V","mon":"H","tue":"K","wed":"Sze","thu":"Cs","fri":"P","sat":"Szo"},"narrow":{"sun":"V","mon":"H","tue":"K","wed":"Sz","thu":"Cs","fri":"P","sat":"Sz"},"short":{"sun":"V","mon":"H","tue":"K","wed":"Sze","thu":"Cs","fri":"P","sat":"Szo"},"wide":{"sun":"vasárnap","mon":"hétfő","tue":"kedd","wed":"szerda","thu":"csütörtök","fri":"péntek","sat":"szombat"}},"stand-alone":{"abbreviated":{"sun":"V","mon":"H","tue":"K","wed":"Sze","thu":"Cs","fri":"P","sat":"Szo"},"narrow":{"sun":"V","mon":"H","tue":"K","wed":"Sz","thu":"Cs","fri":"P","sat":"Sz"},"short":{"sun":"V","mon":"H","tue":"K","wed":"Sze","thu":"Cs","fri":"P","sat":"Szo"},"wide":{"sun":"vasárnap","mon":"hétfő","tue":"kedd","wed":"szerda","thu":"csütörtök","fri":"péntek","sat":"szombat"}}},"quarters":{"format":{"abbreviated":{"1":"N1","2":"N2","3":"N3","4":"N4"},"narrow":{"1":"1.","2":"2.","3":"3.","4":"4."},"wide":{"1":"I. negyedév","2":"II. negyedév","3":"III. negyedév","4":"IV. negyedév"}},"stand-alone":{"abbreviated":{"1":"N1","2":"N2","3":"N3","4":"N4"},"narrow":{"1":"1.","2":"2.","3":"3.","4":"4."},"wide":{"1":"1. negyedév","2":"2. negyedév","3":"3. negyedév","4":"4. negyedév"}}},"dayPeriods":{"format":{"abbreviated":{"am":"de.","noon":"dél","pm":"du."},"narrow":{"am":"de.","noon":"dél","pm":"du."},"wide":{"am":"de.","noon":"dél","pm":"du."}},"stand-alone":{"abbreviated":{"am":"de.","noon":"dél","pm":"du."},"narrow":{"am":"de.","noon":"dél","pm":"du."},"wide":{"am":"de.","noon":"dél","pm":"du."}}},"eras":{"wide":{"0":"időszámításunk előtt","0-alt-variant":"i. e.","1":"időszámításunk szerint","1-alt-variant":"i. sz."},"abbreviated":{"0":"i. e.","0-alt-variant":"BCE","1":"i. sz.","1-alt-variant":"CE"},"narrow":{"0":"ie.","0-alt-variant":"BCE","1":"isz.","1-alt-variant":"CE"}},"dateFormats":{"full":"y. MMMM d., EEEE","long":"y. MMMM d.","medium":"y. MMM d.","short":"y. MM. dd."},"timeFormats":{"full":"H:mm:ss zzzz","long":"H:mm:ss z","medium":"H:mm:ss","short":"H:mm"},"dateTimeFormats":{"full":"%2$s %1$s","long":"%2$s %1$s","medium":"%2$s %1$s","short":"%2$s %1$s"}}