{"localeDisplayPattern":{"localePattern":"%1$s (%2$s)","localeSeparator":"%1$s, %2$s","localeKeyTypePattern":"%1$s: %2$s"},"keys":{"calendar":"Naptár","colAlternate":"Szimbólumokat figyelmen kívül hagyó rendezés","colBackwards":"Ékezetek fordított rendezése","colCaseFirst":"Rendezés nagy- vagy kisbetűk szerint","colCaseLevel":"Kisbetű-nagybetű érzékeny rendezés","colHiraganaQuaternary":"Kanák szerinti rendezés","colNormalization":"Normalizált rendezés","colNumeric":"Numerikus rendezés","colStrength":"Rendezés erőssége","collation":"Rendezési sorrend","currency":"Pénznem","numbers":"Számok","timezone":"Időzóna","va":"Földrajzi helyvariáns","variableTop":"Rendezés szimbólumok szerint","x":"Privát használatra"},"types":{"numbers":{"vaii":"Vai számjegyek"},"collation":{"zhuyin":"zhuyin"},"calendar":{"roc":"Kínai köztársasági naptár"},"colStrength":{"tertiary":"Ékezetek/kisbetű-nagybetű/szélesség rendezése"},"colCaseFirst":{"upper":"Nagybetűs szavak rendezése előre"},"colBackwards":{"yes":"Ékezetek szerinti fordított rendezés"},"colCaseLevel":{"yes":"Rendezés kisbetű-nagybetű szerint"},"colHiraganaQuaternary":{"yes":"Kanák megkülönböztető rendezése"},"colNormalization":{"yes":"Unicode szerinti normalizált rendezés"},"colNumeric":{"yes":"Számjegyek numerikus rendezése"},"colAlternate":{"shifted":"Rendezés szimbólumok figyelmen kívül hagyásával"}},"codePatterns":{"language":"Nyelv: %1$s","script":"Írásrendszer: %1$s","territory":"Régió: %1$s"}}