{"long":{"_compoundPattern":"%1$sต่อ%2$s","acceleration":{"g-force":{"_name":"แรง G","other":"%1$s แรง G"},"meter-per-second-squared":{"_name":"เมตรต่อวินาทีกำลังสอง","other":"%1$s เมตรต่อวินาทีกำลังสอง"}},"angle":{"arc-minute":{"_name":"ลิปดา","other":"%1$s ลิปดา"},"arc-second":{"_name":"พิลิปดา","other":"%1$s พิลิปดา"},"degree":{"_name":"องศา","other":"%1$s องศา"},"radian":{"_name":"เรเดียน","other":"%1$s เรเดียน"}},"area":{"acre":{"_name":"เอเคอร์","other":"%1$s เอเคอร์"},"hectare":{"_name":"เฮกตาร์","other":"%1$s เฮกตาร์"},"square-centimeter":{"_name":"ตารางเซนติเมตร","other":"%1$s ตารางเซนติเมตร"},"square-foot":{"_name":"ตารางฟุต","other":"%1$s ตารางฟุต"},"square-inch":{"_name":"ตารางนิ้ว","other":"%1$s ตร.นิ้ว"},"square-kilometer":{"_name":"ตารางกิโลเมตร","other":"%1$s ตารางกิโลเมตร"},"square-meter":{"_name":"ตารางเมตร","other":"%1$s ตารางเมตร"},"square-mile":{"_name":"ตารางไมล์","other":"%1$s ตารางไมล์"},"square-yard":{"_name":"ตารางวา","other":"%1$s ตารางวา"}},"consumption":{"liter-per-kilometer":{"_name":"ลิตรต่อกิโลเมตร","other":"%1$s ลิตรต่อกิโลเมตร"},"mile-per-gallon":{"_name":"ไมล์ต่อแกลลอน","other":"%1$s ไมล์ต่อแกลลอน"}},"digital":{"bit":{"_name":"บิต","other":"%1$s บิต"},"byte":{"_name":"ไบต์","other":"%1$s ไบต์"},"gigabit":{"_name":"กิกะบิต","other":"%1$s กิกะบิต"},"gigabyte":{"_name":"กิกะไบต์","other":"%1$s กิกะไบต์"},"kilobit":{"_name":"กิโลบิต","other":"%1$s กิโลบิต"},"kilobyte":{"_name":"กิโลไบต์","other":"%1$s กิโลไบต์"},"megabit":{"_name":"เมกะบิต","other":"%1$s เมกะบิต"},"megabyte":{"_name":"เมกะไบต์","other":"%1$s เมกะไบต์"},"terabit":{"_name":"เทราบิต","other":"%1$s เทราบิต"},"terabyte":{"_name":"เทราไบต์","other":"%1$s เทราไบต์"}},"duration":{"day":{"_name":"วัน","other":"%1$s วัน"},"hour":{"_name":"ชั่วโมง","other":"%1$s ชั่วโมง","_per":"%1$s ต่อชั่วโมง"},"microsecond":{"_name":"ไมโครวินาที","other":"%1$s ไมโครวินาที"},"millisecond":{"_name":"มิลลิวินาที","other":"%1$s มิลลิวินาที"},"minute":{"_name":"นาที","other":"%1$s นาที"},"month":{"_name":"เดือน","other":"%1$s เดือน"},"nanosecond":{"_name":"นาโนวินาที","other":"%1$s นาโนวินาที"},"second":{"_name":"วินาที","other":"%1$s วินาที","_per":"%1$s ต่อวินาที"},"week":{"_name":"สัปดาห์","other":"%1$s สัปดาห์"},"year":{"_name":"ปี","other":"%1$s ปี"}},"electric":{"ampere":{"_name":"แอมแปร์","other":"%1$s แอมแปร์"},"milliampere":{"_name":"มิลลิแอมแปร์","other":"%1$s มิลลิแอมแปร์"},"ohm":{"_name":"โอห์ม","other":"%1$s โอห์ม"},"volt":{"_name":"โวลต์","other":"%1$s โวลต์"}},"energy":{"calorie":{"_name":"แคลอรี่","other":"%1$s แคลอรี่"},"foodcalorie":{"_name":"แคลอรี่","other":"%1$s แคลอรี่"},"joule":{"_name":"จูล","other":"%1$s จูล"},"kilocalorie":{"_name":"กิโลแคลอรี่","other":"%1$s กิโลแคลอรี่"},"kilojoule":{"_name":"กิโลจูล","other":"%1$s กิโลจูล"},"kilowatt-hour":{"_name":"กิโลวัตต์-ชั่วโมง","other":"%1$s กิโลวัตต์-ชั่วโมง"}},"frequency":{"gigahertz":{"_name":"กิกะเฮิรตซ์","other":"%1$s กิกะเฮิรตซ์"},"hertz":{"_name":"เฮิรตซ์","other":"%1$s เฮิรตซ์"},"kilohertz":{"_name":"กิโลเฮิรตซ์","other":"%1$s กิโลเฮิรตซ์"},"megahertz":{"_name":"เมกะเฮิรตซ์","other":"%1$s เมกะเฮิรตซ์"}},"length":{"astronomical-unit":{"_name":"หน่วยดาราศาสตร์","other":"%1$s หน่วยดาราศาสตร์"},"centimeter":{"_name":"เซนติเมตร","other":"%1$s เซนติเมตร"},"decimeter":{"_name":"เดซิเมตร","other":"%1$s เดซิเมตร"},"fathom":{"_name":"fm","other":"%1$s fm"},"foot":{"_name":"ฟุต","other":"%1$s ฟุต"},"furlong":{"_name":"fur","other":"%1$s fur"},"inch":{"_name":"นิ้ว","other":"%1$s นิ้ว"},"kilometer":{"_name":"กิโลเมตร","other":"%1$s กิโลเมตร"},"light-year":{"_name":"ปีแสง","other":"%1$s ปีแสง"},"meter":{"_name":"เมตร","other":"%1$s เมตร"},"micrometer":{"_name":"ไมโครเมตร","other":"%1$s ไมโครเมตร"},"mile":{"_name":"ไมล์","other":"%1$s ไมล์"},"millimeter":{"_name":"มิลลิเมตร","other":"%1$s มิลลิเมตร"},"nanometer":{"_name":"นาโนเมตร","other":"%1$s นาโนเมตร"},"nautical-mile":{"_name":"ไมล์ทะเล","other":"%1$s ไมล์ทะเล"},"parsec":{"_name":"พาร์เซก","other":"%1$s พาร์เซก"},"picometer":{"_name":"พิโกเมตร","other":"%1$s พิโกเมตร"},"yard":{"_name":"หลา","other":"%1$s หลา"}},"light":{"lux":{"_name":"ลักซ์","other":"%1$s ลักซ์"}},"mass":{"carat":{"_name":"กะรัต","other":"%1$s กะรัต"},"gram":{"_name":"กรัม","other":"%1$s กรัม"},"kilogram":{"_name":"กิโลกรัม","other":"%1$s กิโลกรัม"},"metric-ton":{"_name":"เมตริกตัน","other":"%1$s เมตริกตัน"},"microgram":{"_name":"ไมโครกรัม","other":"%1$s ไมโครกรัม"},"milligram":{"_name":"มิลลิกรัม","other":"%1$s มิลลิกรัม"},"ounce":{"_name":"ออนซ์","other":"%1$s ออนซ์"},"ounce-troy":{"_name":"ทรอยออนซ์","other":"%1$s ทรอยออนซ์"},"pound":{"_name":"ปอนด์","other":"%1$s ปอนด์"},"stone":{"_name":"st","other":"%1$s st"},"ton":{"_name":"ตัน","other":"%1$s ตัน"}},"power":{"gigawatt":{"_name":"กิกะวัตต์","other":"%1$s กิกะวัตต์"},"horsepower":{"_name":"แรงม้า","other":"%1$s แรงม้า"},"kilowatt":{"_name":"กิโลวัตต์","other":"%1$s กิโลวัตต์"},"megawatt":{"_name":"เมกะวัตต์","other":"%1$s เมกะวัตต์"},"milliwatt":{"_name":"มิลลิวัตต์","other":"%1$s มิลลิวัตต์"},"watt":{"_name":"วัตต์","other":"%1$s วัตต์"}},"pressure":{"hectopascal":{"_name":"เฮกโตปาสกาล","other":"%1$s เฮกโตปาสกาล"},"inch-hg":{"_name":"นิ้วปรอท","other":"%1$s นิ้วปรอท"},"millibar":{"_name":"มิลลิบาร์","other":"%1$s มิลลิบาร์"},"millimeter-of-mercury":{"_name":"มิลลิเมตรปรอท","other":"%1$s มิลลิเมตรปรอท"},"pound-per-square-inch":{"_name":"ปอนด์ต่อตารางนิ้ว","other":"%1$s ปอนด์ต่อตารางนิ้ว"}},"proportion":{"karat":{"_name":"กะรัต","other":"%1$s กะรัต"}},"speed":{"kilometer-per-hour":{"_name":"กิโลเมตรต่อชั่วโมง","other":"%1$s กิโลเมตรต่อชั่วโมง"},"meter-per-second":{"_name":"เมตรต่อวินาที","other":"%1$s เมตรต่อวินาที"},"mile-per-hour":{"_name":"ไมล์ต่อชั่วโมง","other":"%1$s ไมล์ต่อชั่วโมง"}},"temperature":{"celsius":{"_name":"องศาเซลเซียส","other":"%1$s องศาเซลเซียส"},"fahrenheit":{"_name":"องศาฟาเรนไฮต์","other":"%1$s องศาฟาเรนไฮต์"},"kelvin":{"_name":"เคลวิน","other":"%1$s เคลวิน"}},"volume":{"acre-foot":{"_name":"เอเคอร์-ฟุต","other":"%1$s เอเคอร์-ฟุต"},"bushel":{"_name":"bu","other":"%1$s bu"},"centiliter":{"_name":"เซนติลิตร","other":"%1$s เซนติลิตร"},"cubic-centimeter":{"_name":"ลูกบาศก์เซนติเมตร","other":"%1$s ลูกบาศก์เซนติเมตร"},"cubic-foot":{"_name":"ลูกบาศก์ฟุต","other":"%1$s ลูกบาศก์ฟุต"},"cubic-inch":{"_name":"ลูกบาศก์นิ้ว","other":"%1$s ลูกบาศก์นิ้ว"},"cubic-kilometer":{"_name":"ลูกบาศก์กิโลเมตร","other":"%1$s ลูกบาศก์กิโลเมตร"},"cubic-meter":{"_name":"ลูกบาศก์เมตร","other":"%1$s ลูกบาศก์เมตร"},"cubic-mile":{"_name":"ลูกบาศก์ไมล์","other":"%1$s ลูกบาศก์ไมล์"},"cubic-yard":{"_name":"ลูกบาศก์หลา","other":"%1$s ลูกบาศก์หลา"},"cup":{"_name":"ถ้วย","other":"%1$s ถ้วย"},"deciliter":{"_name":"เดซิลิตร","other":"%1$s เดซิลิตร"},"fluid-ounce":{"_name":"ฟลูอิดออนซ์","other":"%1$s ฟลูอิดออนซ์"},"gallon":{"_name":"แกลลอน","other":"%1$s แกลลอน"},"hectoliter":{"_name":"เฮกโตลิตร","other":"%1$s เฮกโตลิตร"},"liter":{"_name":"ลิตร","other":"%1$s ลิตร"},"megaliter":{"_name":"เมกกะลิตร","other":"%1$s เมกกะลิตร"},"milliliter":{"_name":"มิลลิลิตร","other":"%1$s มิลลิลิตร"},"pint":{"_name":"ไพนต","other":"%1$s ไพนต"},"quart":{"_name":"ควอร์ต","other":"%1$s ควอร์ต"},"tablespoon":{"_name":"ช้อนโต๊ะ","other":"%1$s ช้อนโต๊ะ"},"teaspoon":{"_name":"ช้อนชา","other":"%1$s ช้อนชา"}}},"short":{"_compoundPattern":"%1$s/%2$s","acceleration":{"g-force":{"_name":"แรง G","other":"%1$s G"},"meter-per-second-squared":{"_name":"เมตร/วินาที²","other":"%1$s ม./วินาที²"}},"angle":{"arc-minute":{"_name":"ลิปดา","other":"%1$s ลิปดา"},"arc-second":{"_name":"พิลิปดา","other":"%1$s พิลิปดา"},"degree":{"_name":"องศา","other":"%1$s°"},"radian":{"_name":"เรเดียน","other":"%1$s เรเดียน"}},"area":{"acre":{"_name":"เอเคอร์","other":"%1$s เอเคอร์"},"hectare":{"_name":"เฮกตาร์","other":"%1$s เฮกตาร์"},"square-centimeter":{"_name":"ตร.ซม.","other":"%1$s ตร.ซม."},"square-foot":{"_name":"ตร.ฟุต","other":"%1$s ตร.ฟุต"},"square-inch":{"_name":"ตร.นิ้ว","other":"%1$s ตร.นิ้ว"},"square-kilometer":{"_name":"ตร.กม.","other":"%1$s ตร.กม."},"square-meter":{"_name":"ตร.ม.","other":"%1$s ตร.ม."},"square-mile":{"_name":"ตร.ไมล์","other":"%1$s ตร.ไมล์"},"square-yard":{"_name":"ตร.ว.","other":"%1$s ตร.ว."}},"consumption":{"liter-per-kilometer":{"_name":"ลิตร/กม.","other":"%1$s ล./กม."},"mile-per-gallon":{"_name":"ไมล์/แกลลอน","other":"%1$s ไมล์/แกลลอน"}},"digital":{"bit":{"_name":"บิต","other":"%1$s บิต"},"byte":{"_name":"ไบต์","other":"%1$s ไบต์"},"gigabit":{"_name":"Gb","other":"%1$s Gb"},"gigabyte":{"_name":"GB","other":"%1$s GB"},"kilobit":{"_name":"kb","other":"%1$s kb"},"kilobyte":{"_name":"kB","other":"%1$s kB"},"megabit":{"_name":"Mb","other":"%1$s Mb"},"megabyte":{"_name":"MB","other":"%1$s MB"},"terabit":{"_name":"Tb","other":"%1$s Tb"},"terabyte":{"_name":"TB","other":"%1$s TB"}},"duration":{"day":{"_name":"วัน","other":"%1$s วัน"},"hour":{"_name":"ชั่วโมง","other":"%1$s ชม.","_per":"%1$s/ชม."},"microsecond":{"_name":"ไมโครวินาที","other":"%1$s ไมโครวิ"},"millisecond":{"_name":"มิลลิวินาที","other":"%1$s มิลลิวินาที"},"minute":{"_name":"นาที","other":"%1$s นาที"},"month":{"_name":"เดือน","other":"%1$s เดือน"},"nanosecond":{"_name":"นาโนวินาที","other":"%1$s นาโนวิ"},"second":{"_name":"วินาที","other":"%1$s วิ","_per":"%1$s/วิ"},"week":{"_name":"สัปดาห์","other":"%1$s สัปดาห์"},"year":{"_name":"ปี","other":"%1$s ปี"}},"electric":{"ampere":{"_name":"แอมป์","other":"%1$s แอมป์"},"milliampere":{"_name":"มิลลิแอมป์","other":"%1$s มิลลิแอมป์"},"ohm":{"_name":"โอห์ม","other":"%1$s Ω"},"volt":{"_name":"โวลต์","other":"%1$s V"}},"energy":{"calorie":{"_name":"แคลอรี่","other":"%1$s แคลอรี่"},"foodcalorie":{"_name":"แคลอรี่","other":"%1$s แคลอรี่"},"joule":{"_name":"จูล","other":"%1$s จูล"},"kilocalorie":{"_name":"กิโลแคลอรี่","other":"%1$s กิโลแคลอรี่"},"kilojoule":{"_name":"กิโลจูล","other":"%1$s กิโลจูล"},"kilowatt-hour":{"_name":"กว.-ชม.","other":"%1$s กว.-ชม."}},"frequency":{"gigahertz":{"_name":"GHz","other":"%1$s GHz"},"hertz":{"_name":"Hz","other":"%1$s Hz"},"kilohertz":{"_name":"kHz","other":"%1$s kHz"},"megahertz":{"_name":"MHz","other":"%1$s MHz"}},"length":{"astronomical-unit":{"_name":"หน่วยดาราศาสตร์","other":"%1$s หน่วยดาราศาสตร์"},"centimeter":{"_name":"ซม.","other":"%1$s ซม."},"decimeter":{"_name":"ดม.","other":"%1$s ดม."},"fathom":{"_name":"fm","other":"%1$s fm"},"foot":{"_name":"ฟุต","other":"%1$s ฟุต"},"furlong":{"_name":"fur","other":"%1$s fur"},"inch":{"_name":"นิ้ว","other":"%1$s นิ้ว"},"kilometer":{"_name":"กม.","other":"%1$s กม."},"light-year":{"_name":"ปีแสง","other":"%1$s ปีแสง"},"meter":{"_name":"เมตร","other":"%1$s ม."},"micrometer":{"_name":"ไมโครเมตร","other":"%1$s ไมโครเมตร"},"mile":{"_name":"ไมล์","other":"%1$s ไมล์"},"millimeter":{"_name":"มม.","other":"%1$s มม."},"nanometer":{"_name":"น.ม.","other":"%1$s น.ม."},"nautical-mile":{"_name":"ไมล์ทะเล","other":"%1$s ไมล์ทะเล"},"parsec":{"_name":"พาร์เซก","other":"%1$s พาร์เซก"},"picometer":{"_name":"พิโกเมตร","other":"%1$s พิโกเมตร"},"yard":{"_name":"หลา","other":"%1$s หลา"}},"light":{"lux":{"_name":"ลักซ์","other":"%1$s ลักซ์"}},"mass":{"carat":{"_name":"กะรัต","other":"%1$s กะรัต"},"gram":{"_name":"กรัม","other":"%1$s ก."},"kilogram":{"_name":"กก.","other":"%1$s กก."},"metric-ton":{"_name":"ต.","other":"%1$s ต."},"microgram":{"_name":"มคก.","other":"%1$s มคก."},"milligram":{"_name":"มก.","other":"%1$s มก."},"ounce":{"_name":"ออนซ์","other":"%1$s ออนซ์"},"ounce-troy":{"_name":"ทรอยออนซ์","other":"%1$s ทรอยออนซ์"},"pound":{"_name":"ปอนด์","other":"%1$s ปอนด์"},"stone":{"_name":"st","other":"%1$s st"},"ton":{"_name":"ตัน","other":"%1$s ตัน"}},"power":{"gigawatt":{"_name":"กิกะวัตต์","other":"%1$s กิกะวัตต์"},"horsepower":{"_name":"แรงม้า","other":"%1$s แรงม้า"},"kilowatt":{"_name":"กิโลวัตต์","other":"%1$s กิโลวัตต์"},"megawatt":{"_name":"เมกะวัตต์","other":"%1$s เมกะวัตต์"},"milliwatt":{"_name":"มิลลิวัตต์","other":"%1$s มิลลิวัตต์"},"watt":{"_name":"วัตต์","other":"%1$s วัตต์"}},"pressure":{"hectopascal":{"_name":"เฮกโตปาสกาล","other":"%1$s เฮกโตปาสกาล"},"inch-hg":{"_name":"นิ้วปรอท","other":"%1$s นิ้วปรอท"},"millibar":{"_name":"มิลลิบาร์","other":"%1$s มิลลิบาร์"},"millimeter-of-mercury":{"_name":"มม. ปรอท","other":"%1$s มม. ปรอท"},"pound-per-square-inch":{"_name":"ปอนด์/ตร.นิ้ว","other":"%1$s ปอนด์/ตร.นิ้ว"}},"proportion":{"karat":{"_name":"กะรัต","other":"%1$s กะรัต"}},"speed":{"kilometer-per-hour":{"_name":"กม./ชั่วโมง","other":"%1$s กม./ชม."},"meter-per-second":{"_name":"เมตรต่อวินาที","other":"%1$s ม./วิ"},"mile-per-hour":{"_name":"ไมล์/ชั่วโมง","other":"%1$s ไมล์/ชม."}},"temperature":{"celsius":{"_name":"องศาเซลเซียส","other":"%1$s°C"},"fahrenheit":{"_name":"องศาฟาเรนไฮต์","other":"%1$s°F"},"kelvin":{"_name":"K","other":"%1$s K"}},"volume":{"acre-foot":{"_name":"เอเคอร์-ฟุต","other":"%1$s เอเคอร์-ฟุต"},"bushel":{"_name":"bu","other":"%1$s bu"},"centiliter":{"_name":"ซล.","other":"%1$s ซล."},"cubic-centimeter":{"_name":"ลบ.ซม.","other":"%1$s ลบ.ซม."},"cubic-foot":{"_name":"ลบ.ฟุต","other":"%1$s ลบ.ฟุต"},"cubic-inch":{"_name":"ลบ.นิ้ว","other":"%1$s ลบ.นิ้ว"},"cubic-kilometer":{"_name":"ลบ.กม.","other":"%1$s ลบ.กม."},"cubic-meter":{"_name":"ลบ.ม.","other":"%1$s ลบ.ม."},"cubic-mile":{"_name":"ลบ.ไมล์","other":"%1$s ลบ.ไมล์"},"cubic-yard":{"_name":"ลบ.หลา","other":"%1$s ลบ.หลา"},"cup":{"_name":"ถ้วย","other":"%1$s ถ."},"deciliter":{"_name":"ดล.","other":"%1$s ดล."},"fluid-ounce":{"_name":"ฟลูอิดออนซ์","other":"%1$s ฟลูอิดออนซ์"},"gallon":{"_name":"แกลลอน","other":"%1$s แกลลอน"},"hectoliter":{"_name":"ฮล.","other":"%1$s ฮล."},"liter":{"_name":"ลิตร","other":"%1$s ล."},"megaliter":{"_name":"เมกกะลิตร","other":"%1$s เมกกะลิตร"},"milliliter":{"_name":"มล.","other":"%1$s มล."},"pint":{"_name":"ไพนต","other":"%1$s ไพนต"},"quart":{"_name":"คว.","other":"%1$s คว."},"tablespoon":{"_name":"ชต.","other":"%1$s ชต."},"teaspoon":{"_name":"ชช.","other":"%1$s ชช."}}},"narrow":{"_compoundPattern":"%1$s/%2$s","acceleration":{"g-force":{"_name":"แรง G","other":"%1$sG"},"meter-per-second-squared":{"_name":"เมตร/วินาที²","other":"%1$s ม./วินาที²"}},"angle":{"arc-minute":{"_name":"ลิปดา","other":"%1$sนาที"},"arc-second":{"_name":"พิลิปดา","other":"%1$sวิ"},"degree":{"_name":"องศา","other":"%1$s°"},"radian":{"_name":"เรเดียน","other":"%1$s เรเดียน"}},"area":{"acre":{"_name":"เอเคอร์","other":"%1$sเอเคอร์"},"hectare":{"_name":"เฮกตาร์","other":"%1$sเฮกตาร์"},"square-centimeter":{"_name":"ตร.ซม.","other":"%1$s ตร.ซม."},"square-foot":{"_name":"ตร.ฟุต","other":"%1$sตร.ฟุต"},"square-inch":{"_name":"ตร.นิ้ว","other":"%1$s ตร.นิ้ว"},"square-kilometer":{"_name":"ตร.กม.","other":"%1$sตร.กม."},"square-meter":{"_name":"ตร.ม.","other":"%1$sตร.ม."},"square-mile":{"_name":"ตร.ไมล์","other":"%1$sตร.ไมล์"},"square-yard":{"_name":"ตร.ว.","other":"%1$s ตร.ว."}},"consumption":{"liter-per-kilometer":{"_name":"ลิตร/กม.","other":"%1$s ล./กม."},"mile-per-gallon":{"_name":"ไมล์/แกลลอน","other":"%1$s ไมล์/แกลลอน"}},"digital":{"bit":{"_name":"บิต","other":"%1$s บิต"},"byte":{"_name":"ไบต์","other":"%1$s ไบต์"},"gigabit":{"_name":"Gb","other":"%1$s Gb"},"gigabyte":{"_name":"GB","other":"%1$s GB"},"kilobit":{"_name":"kb","other":"%1$s kb"},"kilobyte":{"_name":"kB","other":"%1$s kB"},"megabit":{"_name":"Mb","other":"%1$s Mb"},"megabyte":{"_name":"MB","other":"%1$s MB"},"terabit":{"_name":"Tb","other":"%1$s Tb"},"terabyte":{"_name":"TB","other":"%1$s TB"}},"duration":{"day":{"_name":"วัน","other":"%1$sวัน"},"hour":{"_name":"ชั่วโมง","other":"%1$sชม.","_per":"%1$s/ชม."},"microsecond":{"_name":"ไมโครวินาที","other":"%1$s ไมโครวิ"},"millisecond":{"_name":"มิลลิวินาที","other":"%1$s มิลลิวิ"},"minute":{"_name":"นาที","other":"%1$sนาที"},"month":{"_name":"เดือน","other":"%1$sเดือน"},"nanosecond":{"_name":"นาโนวินาที","other":"%1$s นาโนวิ"},"second":{"_name":"วิ","other":"%1$sวิ","_per":"%1$s/วิ"},"week":{"_name":"สัปดาห์","other":"%1$sสัปดาห์"},"year":{"_name":"ปี","other":"%1$sปี"}},"electric":{"ampere":{"_name":"แอมป์","other":"%1$s แอมป์"},"milliampere":{"_name":"มิลลิแอมป์","other":"%1$s มิลลิแอมป์"},"ohm":{"_name":"โอห์ม","other":"%1$s Ω"},"volt":{"_name":"โวลต์","other":"%1$s V"}},"energy":{"calorie":{"_name":"แคลอรี่","other":"%1$s แคลอรี่"},"foodcalorie":{"_name":"แคลอรี่","other":"%1$s แคลอรี่"},"joule":{"_name":"จูล","other":"%1$s จูล"},"kilocalorie":{"_name":"กิโลแคลอรี่","other":"%1$s กิโลแคลอรี่"},"kilojoule":{"_name":"กิโลจูล","other":"%1$s กิโลจูล"},"kilowatt-hour":{"_name":"กว.-ชม.","other":"%1$s กว.-ชม."}},"frequency":{"gigahertz":{"_name":"GHz","other":"%1$s GHz"},"hertz":{"_name":"Hz","other":"%1$s Hz"},"kilohertz":{"_name":"kHz","other":"%1$s kHz"},"megahertz":{"_name":"MHz","other":"%1$s MHz"}},"length":{"astronomical-unit":{"_name":"หน่วยดาราศาสตร์","other":"%1$s หน่วยดาราศาสตร์"},"centimeter":{"_name":"ซม.","other":"%1$sซม."},"decimeter":{"_name":"ดม.","other":"%1$s ดม."},"fathom":{"_name":"fm","other":"%1$s fm"},"foot":{"_name":"ฟุต","other":"%1$s′"},"furlong":{"_name":"fur","other":"%1$s fur"},"inch":{"_name":"นิ้ว","other":"%1$s″"},"kilometer":{"_name":"กม.","other":"%1$sกม."},"light-year":{"_name":"ปีแสง","other":"%1$sปีแสง"},"meter":{"_name":"เมตร","other":"%1$sม."},"micrometer":{"_name":"ไมโครเมตร","other":"%1$s ไมโครเมตร"},"mile":{"_name":"ไมล์","other":"%1$sไมล์"},"millimeter":{"_name":"มม.","other":"%1$sมม."},"nanometer":{"_name":"น.ม.","other":"%1$s น.ม."},"nautical-mile":{"_name":"ไมล์ทะเล","other":"%1$s ไมล์ทะเล"},"parsec":{"_name":"พาร์เซก","other":"%1$s พาร์เซก"},"picometer":{"_name":"พิโกเมตร","other":"%1$sพิโกเมตร"},"yard":{"_name":"หลา","other":"%1$sหลา"}},"light":{"lux":{"_name":"ลักซ์","other":"%1$s ลักซ์"}},"mass":{"carat":{"_name":"กะรัต","other":"%1$s กะรัต"},"gram":{"_name":"กรัม","other":"%1$sก."},"kilogram":{"_name":"กก.","other":"%1$sกก."},"metric-ton":{"_name":"ต.","other":"%1$s ต."},"microgram":{"_name":"มคก.","other":"%1$s มคก."},"milligram":{"_name":"มก.","other":"%1$s มก."},"ounce":{"_name":"ออนซ์","other":"%1$sออนซ์"},"ounce-troy":{"_name":"ทรอยออนซ์","other":"%1$s ทรอยออนซ์"},"pound":{"_name":"ปอนด์","other":"%1$s#"},"stone":{"_name":"st","other":"%1$s st"},"ton":{"_name":"ตัน","other":"%1$s ตัน"}},"power":{"gigawatt":{"_name":"กิกะวัตต์","other":"%1$s กิกะวัตต์"},"horsepower":{"_name":"แรงม้า","other":"%1$sแรงม้า"},"kilowatt":{"_name":"กิโลวัตต์","other":"%1$sกิโลวัตต์"},"megawatt":{"_name":"เมกะวัตต์","other":"%1$s เมกะวัตต์"},"milliwatt":{"_name":"มิลลิวัตต์","other":"%1$s มิลลิวัตต์"},"watt":{"_name":"วัตต์","other":"%1$sวัตต์"}},"pressure":{"hectopascal":{"_name":"เฮกโตปาสกาล","other":"%1$shPa"},"inch-hg":{"_name":"นิ้วปรอท","other":"%1$s\" Hg"},"millibar":{"_name":"มิลลิบาร์","other":"%1$sมิลลิบาร์"},"millimeter-of-mercury":{"_name":"มม. ปรอท","other":"%1$s มม. ปรอท"},"pound-per-square-inch":{"_name":"ปอนด์/ตร.นิ้ว","other":"%1$s ปอนด์/ตร.นิ้ว"}},"proportion":{"karat":{"_name":"กะรัต","other":"%1$s กะรัต"}},"speed":{"kilometer-per-hour":{"_name":"กม./ชม.","other":"%1$sกม./ชม."},"meter-per-second":{"_name":"เมตรต่อวินาที","other":"%1$sม./วิ"},"mile-per-hour":{"_name":"ไมล์/ชั่วโมง","other":"%1$sไมล์/ชม."}},"temperature":{"celsius":{"_name":"°C","other":"%1$s°C"},"fahrenheit":{"_name":"องศาฟาเรนไฮต์","other":"%1$s°F"},"kelvin":{"_name":"K","other":"%1$s K"}},"volume":{"acre-foot":{"_name":"เอเคอร์-ฟุต","other":"%1$s เอเคอร์-ฟุต"},"bushel":{"_name":"bu","other":"%1$s bu"},"centiliter":{"_name":"ซล.","other":"%1$s ซล."},"cubic-centimeter":{"_name":"ลบ.ซม.","other":"%1$s ลบ.ซม."},"cubic-foot":{"_name":"ลบ.ฟุต","other":"%1$s ลบ.ฟุต"},"cubic-inch":{"_name":"ลบ.นิ้ว","other":"%1$s ลบ.นิ้ว"},"cubic-kilometer":{"_name":"ลบ.กม.","other":"%1$sลบ.กม."},"cubic-meter":{"_name":"ลบ.ม.","other":"%1$s ลบ.ม."},"cubic-mile":{"_name":"ลบ.ไมล์","other":"%1$sลบ.ไมล์"},"cubic-yard":{"_name":"ลบ.หลา","other":"%1$s ลบ.หลา"},"cup":{"_name":"ถ้วย","other":"%1$s ถ."},"deciliter":{"_name":"ดล.","other":"%1$s ดล."},"fluid-ounce":{"_name":"ฟลูอิดออนซ์","other":"%1$s ฟลูอิดออนซ์"},"gallon":{"_name":"แกลลอน","other":"%1$s แกลลอน"},"hectoliter":{"_name":"ฮล.","other":"%1$s ฮล."},"liter":{"_name":"ลิตร","other":"%1$sล."},"megaliter":{"_name":"เมกกะลิตร","other":"%1$s เมกกะลิตร"},"milliliter":{"_name":"มล.","other":"%1$s มล."},"pint":{"_name":"ไพนต","other":"%1$s ไพนต"},"quart":{"_name":"คว.","other":"%1$s คว."},"tablespoon":{"_name":"ชต.","other":"%1$s ชต."},"teaspoon":{"_name":"ชช.","other":"%1$s ชช."}}},"_durationPattern":{"hm":"h:mm","hms":"h:mm:ss","ms":"m:ss"}}