{"months":{"format":{"abbreviated":{"1":"thg 1","2":"thg 2","3":"thg 3","4":"thg 4","5":"thg 5","6":"thg 6","7":"thg 7","8":"thg 8","9":"thg 9","10":"thg 10","11":"thg 11","12":"thg 12"},"narrow":{"1":"1","2":"2","3":"3","4":"4","5":"5","6":"6","7":"7","8":"8","9":"9","10":"10","11":"11","12":"12"},"wide":{"1":"tháng 1","2":"tháng 2","3":"tháng 3","4":"tháng 4","5":"tháng 5","6":"tháng 6","7":"tháng 7","8":"tháng 8","9":"tháng 9","10":"tháng 10","11":"tháng 11","12":"tháng 12"}},"stand-alone":{"abbreviated":{"1":"Thg 1","2":"Thg 2","3":"Thg 3","4":"Thg 4","5":"Thg 5","6":"Thg 6","7":"Thg 7","8":"Thg 8","9":"Thg 9","10":"Thg 10","11":"Thg 11","12":"Thg 12"},"narrow":{"1":"1","2":"2","3":"3","4":"4","5":"5","6":"6","7":"7","8":"8","9":"9","10":"10","11":"11","12":"12"},"wide":{"1":"Tháng 1","2":"Tháng 2","3":"Tháng 3","4":"Tháng 4","5":"Tháng 5","6":"Tháng 6","7":"Tháng 7","8":"Tháng 8","9":"Tháng 9","10":"Tháng 10","11":"Tháng 11","12":"Tháng 12"}}},"days":{"format":{"abbreviated":{"sun":"CN","mon":"Th 2","tue":"Th 3","wed":"Th 4","thu":"Th 5","fri":"Th 6","sat":"Th 7"},"narrow":{"sun":"CN","mon":"T2","tue":"T3","wed":"T4","thu":"T5","fri":"T6","sat":"T7"},"short":{"sun":"CN","mon":"T2","tue":"T3","wed":"T4","thu":"T5","fri":"T6","sat":"T7"},"wide":{"sun":"Chủ Nhật","mon":"Thứ Hai","tue":"Thứ Ba","wed":"Thứ Tư","thu":"Thứ Năm","fri":"Thứ Sáu","sat":"Thứ Bảy"}},"stand-alone":{"abbreviated":{"sun":"CN","mon":"Th 2","tue":"Th 3","wed":"Th 4","thu":"Th 5","fri":"Th 6","sat":"Th 7"},"narrow":{"sun":"CN","mon":"T2","tue":"T3","wed":"T4","thu":"T5","fri":"T6","sat":"T7"},"short":{"sun":"CN","mon":"T2","tue":"T3","wed":"T4","thu":"T5","fri":"T6","sat":"T7"},"wide":{"sun":"Chủ Nhật","mon":"Thứ Hai","tue":"Thứ Ba","wed":"Thứ Tư","thu":"Thứ Năm","fri":"Thứ Sáu","sat":"Thứ Bảy"}}},"quarters":{"format":{"abbreviated":{"1":"Q1","2":"Q2","3":"Q3","4":"Q4"},"narrow":{"1":"1","2":"2","3":"3","4":"4"},"wide":{"1":"Quý 1","2":"Quý 2","3":"Quý 3","4":"Quý 4"}},"stand-alone":{"abbreviated":{"1":"Q1","2":"Q2","3":"Q3","4":"Q4"},"narrow":{"1":"1","2":"2","3":"3","4":"4"},"wide":{"1":"Quý 1","2":"Quý 2","3":"Quý 3","4":"Quý 4"}}},"dayPeriods":{"format":{"abbreviated":{"am":"SA","noon":"TR","pm":"CH"},"narrow":{"am":"s","noon":"tr","pm":"c"},"wide":{"am":"SA","noon":"TR","pm":"CH"}},"stand-alone":{"abbreviated":{"am":"SA","noon":"TR","pm":"CH"},"narrow":{"am":"s","noon":"tr","pm":"c"},"wide":{"am":"SA","noon":"TR","pm":"CH"}}},"eras":{"wide":{"0":"tr. CN","0-alt-variant":"BCE","1":"sau CN","1-alt-variant":"CE"},"abbreviated":{"0":"tr. CN","0-alt-variant":"BCE","1":"sau CN","1-alt-variant":"CE"},"narrow":{"0":"tr. CN","0-alt-variant":"BCE","1":"sau CN","1-alt-variant":"CE"}},"dateFormats":{"full":"EEEE, 'ngày' dd MMMM 'năm' y","long":"'Ngày' dd 'tháng' MM 'năm' y","medium":"dd-MM-y","short":"dd/MM/y"},"timeFormats":{"full":"HH:mm:ss zzzz","long":"HH:mm:ss z","medium":"HH:mm:ss","short":"HH:mm"},"dateTimeFormats":{"full":"%1$s %2$s","long":"%1$s %2$s","medium":"%1$s %2$s","short":"%1$s %2$s"}}