{"localeDisplayPattern":{"localePattern":"%1$s (%2$s)","localeSeparator":"%1$s, %2$s","localeKeyTypePattern":"%1$s: %2$s"},"keys":{"calendar":"Lịch","colAlternate":"Bỏ qua sắp xếp biểu tượng","colBackwards":"Sắp xếp dấu trọng âm đảo ngược","colCaseFirst":"Sắp xếp chữ hoa/chữ thường","colCaseLevel":"Sắp xếp phân biệt chữ hoa/chữ thường","colHiraganaQuaternary":"Sắp xếp chữ Kana","colNormalization":"Sắp xếp theo chuẩn hóa","colNumeric":"Sắp xếp theo số","colStrength":"Cường độ sắp xếp","collation":"Thứ tự sắp xếp","currency":"Tiền tệ","numbers":"Số","timezone":"Múi giờ","va":"Biến thể ngôn ngữ","variableTop":"Sắp xếp dưới dạng biểu tượng","x":"Sử dụng cá nhân"},"types":{"numbers":{"vaii":"Chữ số Vai"},"collation":{"zhuyin":"Thứ tự sắp xếp Zhuyin"},"calendar":{"roc":"Lịch Trung Hoa Dân Quốc"},"colStrength":{"tertiary":"Sắp xếp dấu trọng âm/chữ cái/độ rộng"},"colCaseFirst":{"upper":"Sắp xếp chữ hoa đầu tiên"},"colBackwards":{"yes":"Sắp xếp dấu trọng âm đảo ngược"},"colCaseLevel":{"yes":"Sắp xếp phân biệt chữ hoa/chữ thường"},"colHiraganaQuaternary":{"yes":"Sắp xếp chữ Kana khác nhau"},"colNormalization":{"yes":"Sắp xếp unicode được chuẩn hóa"},"colNumeric":{"yes":"Sắp xếp chữ số theo số"},"colAlternate":{"shifted":"Sắp xếp biểu tượng bỏ qua"}},"codePatterns":{"language":"Ngôn ngữ: %1$s","script":"Chữ viết: %1$s","territory":"Vùng: %1$s"}}