{"localeDisplayPattern":{"localePattern":"%1$s (%2$s)","localeSeparator":"%1$s, %2$s","localeKeyTypePattern":"%1$s: %2$s"},"keys":{"calendar":"Calendar","colAlternate":"Ignore Symbols Sorting","colBackwards":"Reversed Accent Sorting","colCaseFirst":"Uppercase/Lowercase Ordering","colCaseLevel":"Case-Sensitive Sorting","colHiraganaQuaternary":"Kana Sorting","colNormalization":"Normalised Sorting","colNumeric":"Numeric Sorting","colReorder":"Script/Block Reordering","colStrength":"Sorting Strength","collation":"Sort Order","currency":"Currency","kv":"Highest Ignored","numbers":"Numbers","timezone":"Time Zone","va":"Locale Variant","variableTop":"Sort As Symbols","x":"Private-Use"},"types":{"numbers":{"vaii":"Vai Digits"},"collation":{"zhuyin":"Zhuyin Sort Order"},"calendar":{"roc":"Minguo Calendar"},"colStrength":{"tertiary":"Sort Accents/Case/Width"},"colCaseFirst":{"upper":"Sort Uppercase First"},"colBackwards":{"yes":"Sort Accents Reversed"},"colCaseLevel":{"yes":"Sort Case Sensitive"},"colHiraganaQuaternary":{"yes":"Sort Kana Differently"},"colNormalization":{"yes":"Sort Unicode Normalised"},"colNumeric":{"yes":"Sort Digits Numerically"},"colAlternate":{"shifted":"Sort Ignoring Symbols"},"va":{"posix":"POSIX Compliant Locale"}},"codePatterns":{"language":"Language: %1$s","script":"Script: %1$s","territory":"Region: %1$s"}}