{"months":{"format":{"abbreviated":{"1":"ม.ค.","2":"ก.พ.","3":"มี.ค.","4":"เม.ย.","5":"พ.ค.","6":"มิ.ย.","7":"ก.ค.","8":"ส.ค.","9":"ก.ย.","10":"ต.ค.","11":"พ.ย.","12":"ธ.ค."},"narrow":{"1":"ม.ค.","2":"ก.พ.","3":"มี.ค.","4":"เม.ย.","5":"พ.ค.","6":"มิ.ย.","7":"ก.ค.","8":"ส.ค.","9":"ก.ย.","10":"ต.ค.","11":"พ.ย.","12":"ธ.ค."},"wide":{"1":"มกราคม","2":"กุมภาพันธ์","3":"มีนาคม","4":"เมษายน","5":"พฤษภาคม","6":"มิถุนายน","7":"กรกฎาคม","8":"สิงหาคม","9":"กันยายน","10":"ตุลาคม","11":"พฤศจิกายน","12":"ธันวาคม"}},"stand-alone":{"abbreviated":{"1":"ม.ค.","2":"ก.พ.","3":"มี.ค.","4":"เม.ย.","5":"พ.ค.","6":"มิ.ย.","7":"ก.ค.","8":"ส.ค.","9":"ก.ย.","10":"ต.ค.","11":"พ.ย.","12":"ธ.ค."},"narrow":{"1":"ม.ค.","2":"ก.พ.","3":"มี.ค.","4":"เม.ย.","5":"พ.ค.","6":"มิ.ย.","7":"ก.ค.","8":"ส.ค.","9":"ก.ย.","10":"ต.ค.","11":"พ.ย.","12":"ธ.ค."},"wide":{"1":"มกราคม","2":"กุมภาพันธ์","3":"มีนาคม","4":"เมษายน","5":"พฤษภาคม","6":"มิถุนายน","7":"กรกฎาคม","8":"สิงหาคม","9":"กันยายน","10":"ตุลาคม","11":"พฤศจิกายน","12":"ธันวาคม"}}},"days":{"format":{"abbreviated":{"sun":"อา.","mon":"จ.","tue":"อ.","wed":"พ.","thu":"พฤ.","fri":"ศ.","sat":"ส."},"narrow":{"sun":"อา","mon":"จ","tue":"อ","wed":"พ","thu":"พฤ","fri":"ศ","sat":"ส"},"short":{"sun":"อา.","mon":"จ.","tue":"อ.","wed":"พ.","thu":"พฤ.","fri":"ศ.","sat":"ส."},"wide":{"sun":"วันอาทิตย์","mon":"วันจันทร์","tue":"วันอังคาร","wed":"วันพุธ","thu":"วันพฤหัสบดี","fri":"วันศุกร์","sat":"วันเสาร์"}},"stand-alone":{"abbreviated":{"sun":"อา.","mon":"จ.","tue":"อ.","wed":"พ.","thu":"พฤ.","fri":"ศ.","sat":"ส."},"narrow":{"sun":"อา","mon":"จ","tue":"อ","wed":"พ","thu":"พฤ","fri":"ศ","sat":"ส"},"short":{"sun":"อา.","mon":"จ.","tue":"อ.","wed":"พ.","thu":"พฤ.","fri":"ศ.","sat":"ส."},"wide":{"sun":"วันอาทิตย์","mon":"วันจันทร์","tue":"วันอังคาร","wed":"วันพุธ","thu":"วันพฤหัสบดี","fri":"วันศุกร์","sat":"วันเสาร์"}}},"quarters":{"format":{"abbreviated":{"1":"ไตรมาส 1","2":"ไตรมาส 2","3":"ไตรมาส 3","4":"ไตรมาส 4"},"narrow":{"1":"1","2":"2","3":"3","4":"4"},"wide":{"1":"ไตรมาส 1","2":"ไตรมาส 2","3":"ไตรมาส 3","4":"ไตรมาส 4"}},"stand-alone":{"abbreviated":{"1":"ไตรมาส 1","2":"ไตรมาส 2","3":"ไตรมาส 3","4":"ไตรมาส 4"},"narrow":{"1":"1","2":"2","3":"3","4":"4"},"wide":{"1":"ไตรมาส 1","2":"ไตรมาส 2","3":"ไตรมาส 3","4":"ไตรมาส 4"}}},"dayPeriods":{"format":{"abbreviated":{"am":"ก่อนเที่ยง","noon":"เที่ยง","pm":"หลังเที่ยง"},"narrow":{"am":"a","noon":"n","pm":"p"},"wide":{"am":"ก่อนเที่ยง","noon":"เที่ยง","pm":"หลังเที่ยง"}},"stand-alone":{"abbreviated":{"am":"ก่อนเที่ยง","noon":"เที่ยง","pm":"หลังเที่ยง"},"narrow":{"am":"a","noon":"n","pm":"p"},"wide":{"am":"ก่อนเที่ยง","noon":"เที่ยง","pm":"หลังเที่ยง"}}},"eras":{"wide":{"0":"ปีก่อนคริสต์ศักราช","0-alt-variant":"ก่อนสามัญศักราช","1":"คริสต์ศักราช","1-alt-variant":"สามัญศักราช"},"abbreviated":{"0":"ปีก่อน ค.ศ.","0-alt-variant":"ก.ส.ศ.","1":"ค.ศ.","1-alt-variant":"ส.ศ."},"narrow":{"0":"ก่อน ค.ศ.","0-alt-variant":"ก.ส.ศ.","1":"ค.ศ.","1-alt-variant":"ส.ศ."}},"dateFormats":{"full":"EEEEที่ d MMMM G y","long":"d MMMM G y","medium":"d MMM y","short":"d/M/yy"},"timeFormats":{"full":"H นาฬิกา mm นาที ss วินาที zzzz","long":"H นาฬิกา mm นาที ss วินาที z","medium":"HH:mm:ss","short":"HH:mm"},"dateTimeFormats":{"full":"%2$s %1$s","long":"%2$s %1$s","medium":"%2$s %1$s","short":"%2$s %1$s"}}