{"months":{"format":{"abbreviated":{"1":"jan","2":"fev","3":"mar","4":"abr","5":"mai","6":"jun","7":"jul","8":"ago","9":"set","10":"out","11":"nov","12":"dez"},"narrow":{"1":"J","2":"F","3":"M","4":"A","5":"M","6":"J","7":"J","8":"A","9":"S","10":"O","11":"N","12":"D"},"wide":{"1":"janeiro","2":"fevereiro","3":"março","4":"abril","5":"maio","6":"junho","7":"julho","8":"agosto","9":"setembro","10":"outubro","11":"novembro","12":"dezembro"}},"stand-alone":{"abbreviated":{"1":"Jan","2":"Fev","3":"Mar","4":"Abr","5":"Mai","6":"Jun","7":"Jul","8":"Ago","9":"Set","10":"Out","11":"Nov","12":"Dez"},"narrow":{"1":"J","2":"F","3":"M","4":"A","5":"M","6":"J","7":"J","8":"A","9":"S","10":"O","11":"N","12":"D"},"wide":{"1":"Janeiro","2":"Fevereiro","3":"Março","4":"Abril","5":"Maio","6":"Junho","7":"Julho","8":"Agosto","9":"Setembro","10":"Outubro","11":"Novembro","12":"Dezembro"}}},"days":{"format":{"abbreviated":{"sun":"dom","mon":"seg","tue":"ter","wed":"qua","thu":"qui","fri":"sex","sat":"sáb"},"narrow":{"sun":"D","mon":"S","tue":"T","wed":"Q","thu":"Q","fri":"S","sat":"S"},"short":{"sun":"do","mon":"sg","tue":"te","wed":"qu","thu":"qi","fri":"sx","sat":"sb"},"wide":{"sun":"domingo","mon":"segunda-feira","tue":"terça-feira","wed":"quarta-feira","thu":"quinta-feira","fri":"sexta-feira","sat":"sábado"}},"stand-alone":{"abbreviated":{"sun":"dom","mon":"seg","tue":"ter","wed":"qua","thu":"qui","fri":"sex","sat":"sáb"},"narrow":{"sun":"D","mon":"S","tue":"T","wed":"Q","thu":"Q","fri":"S","sat":"S"},"short":{"sun":"do","mon":"sg","tue":"te","wed":"qu","thu":"qi","fri":"sx","sat":"sb"},"wide":{"sun":"domingo","mon":"segunda-feira","tue":"terça-feira","wed":"quarta-feira","thu":"quinta-feira","fri":"sexta-feira","sat":"sábado"}}},"quarters":{"format":{"abbreviated":{"1":"T1","2":"T2","3":"T3","4":"T4"},"narrow":{"1":"1","2":"2","3":"3","4":"4"},"wide":{"1":"1.º trimestre","2":"2.º trimestre","3":"3.º trimestre","4":"4.º trimestre"}},"stand-alone":{"abbreviated":{"1":"T1","2":"T2","3":"T3","4":"T4"},"narrow":{"1":"1","2":"2","3":"3","4":"4"},"wide":{"1":"1.º trimestre","2":"2.º trimestre","3":"3.º trimestre","4":"4.º trimestre"}}},"dayPeriods":{"format":{"abbreviated":{"afternoon":"tarde","am":"a.m.","morning":"manhã","night":"noite","noon":"meio-dia","pm":"p.m."},"narrow":{"am":"a.m.","noon":"m.d.","pm":"p.m."},"wide":{"afternoon":"tarde","am":"da manhã","morning":"manhã","night":"noite","noon":"meio-dia","pm":"da tarde"}},"stand-alone":{"abbreviated":{"afternoon":"tarde","am":"a.m.","morning":"manhã","night":"noite","noon":"meia-noite","pm":"p.m."},"narrow":{"am":"a.m.","noon":"m.d.","pm":"p.m."},"wide":{"afternoon":"tarde","am":"a.m.","morning":"manhã","night":"noite","noon":"meio-dia","pm":"p.m."}}},"eras":{"wide":{"0":"antes de Cristo","0-alt-variant":"antes da Era Comum","1":"depois de Cristo","1-alt-variant":"Era Comum"},"abbreviated":{"0":"a.C.","0-alt-variant":"a.E.C.","1":"d.C.","1-alt-variant":"E.C."},"narrow":{"0":"a.C.","0-alt-variant":"a.E.C.","1":"d.C.","1-alt-variant":"E.C."}},"dateFormats":{"full":"EEEE, d 'de' MMMM 'de' y","long":"d 'de' MMMM 'de' y","medium":"dd/MM/y","short":"dd/MM/yy"},"timeFormats":{"full":"HH:mm:ss zzzz","long":"HH:mm:ss z","medium":"HH:mm:ss","short":"HH:mm"},"dateTimeFormats":{"full":"%2$s 'às' %1$s","long":"%2$s 'às' %1$s","medium":"%2$s, %1$s","short":"%2$s, %1$s"}}