{"localeDisplayPattern":{"localePattern":"%1$s (%2$s)","localeSeparator":"%1$s, %2$s","localeKeyTypePattern":"%1$s: %2$s"},"keys":{"calendar":"Calendário","colAlternate":"Ignorar Ordenação de Símbolos","colBackwards":"Ordenação de Acentos Invertida","colCaseFirst":"Disposição de Maiúsculas/Minúsculas","colCaseLevel":"Ordenação Sensível a Maiúsculas e Minúsculas","colHiraganaQuaternary":"Ordenação Kana","colNormalization":"Ordenação Normalizada","colNumeric":"Ordenação Numérica","colStrength":"Força da Ordenação","collation":"Ordenação","currency":"Moeda","numbers":"Números","timezone":"Fuso Horário","va":"Variante Local","variableTop":"Ordenar Como Símbolos","x":"Utilização Privada"},"types":{"numbers":{"vaii":"Dígitos Vai"},"collation":{"zhuyin":"zhuyin"},"calendar":{"roc":"Calendário da República da China"},"colStrength":{"tertiary":"Ordenar Acentos/Tipo de Letra/Largura"},"colCaseFirst":{"upper":"Ordenar Maiúsculas Primeiro"},"colBackwards":{"yes":"Ordenar Acentos Inversamente"},"colCaseLevel":{"yes":"Ordenar Sensível a Maiúsculas/Minúsculas"},"colHiraganaQuaternary":{"yes":"Ordenar Kana Diferentemente"},"colNormalization":{"yes":"Ordenar Unicode Normalizado"},"colNumeric":{"yes":"Ordenar Dígitos Numericamente"},"colAlternate":{"shifted":"Ordenar Símbolos Ignorados"}},"codePatterns":{"language":"Idioma: %1$s","script":"Escrita: %1$s","territory":"Região: %1$s"}}