{"era":{"displayName":"Thời đại"},"year":{"displayName":"Năm","relative-type--1":"năm ngoái","relative-type-0":"năm nay","relative-type-1":"năm sau","relativeTime-type-future":{"relativeTimePattern-count-other":"trong {0} năm nữa"},"relativeTime-type-past":{"relativeTimePattern-count-other":"{0} năm trước"}},"year-short":{"displayName":"Năm","relative-type--1":"năm ngoái","relative-type-0":"năm nay","relative-type-1":"năm sau","relativeTime-type-future":{"relativeTimePattern-count-other":"trong {0} năm nữa"},"relativeTime-type-past":{"relativeTimePattern-count-other":"{0} năm trước"}},"year-narrow":{"displayName":"Năm","relative-type--1":"năm ngoái","relative-type-0":"năm nay","relative-type-1":"năm sau","relativeTime-type-future":{"relativeTimePattern-count-other":"trong {0} năm nữa"},"relativeTime-type-past":{"relativeTimePattern-count-other":"{0} năm trước"}},"quarter":{"displayName":"Quý","relative-type--1":"last quarter","relative-type-0":"this quarter","relative-type-1":"next quarter","relativeTime-type-future":{"relativeTimePattern-count-other":"trong {0} quý nữa"},"relativeTime-type-past":{"relativeTimePattern-count-other":"{0} quý trước"}},"quarter-short":{"displayName":"Quý","relative-type--1":"last quarter","relative-type-0":"this quarter","relative-type-1":"next quarter","relativeTime-type-future":{"relativeTimePattern-count-other":"trong {0} quý nữa"},"relativeTime-type-past":{"relativeTimePattern-count-other":"{0} quý trước"}},"quarter-narrow":{"displayName":"Quý","relative-type--1":"last quarter","relative-type-0":"this quarter","relative-type-1":"next quarter","relativeTime-type-future":{"relativeTimePattern-count-other":"trong {0} quý nữa"},"relativeTime-type-past":{"relativeTimePattern-count-other":"{0} quý trước"}},"month":{"displayName":"Tháng","relative-type--1":"tháng trước","relative-type-0":"tháng này","relative-type-1":"tháng sau","relativeTime-type-future":{"relativeTimePattern-count-other":"trong {0} tháng nữa"},"relativeTime-type-past":{"relativeTimePattern-count-other":"{0} tháng trước"}},"month-short":{"displayName":"Tháng","relative-type--1":"tháng trước","relative-type-0":"tháng này","relative-type-1":"tháng sau","relativeTime-type-future":{"relativeTimePattern-count-other":"trong {0} tháng nữa"},"relativeTime-type-past":{"relativeTimePattern-count-other":"{0} tháng trước"}},"month-narrow":{"displayName":"Tháng","relative-type--1":"tháng trước","relative-type-0":"tháng này","relative-type-1":"tháng sau","relativeTime-type-future":{"relativeTimePattern-count-other":"trong {0} tháng nữa"},"relativeTime-type-past":{"relativeTimePattern-count-other":"{0} tháng trước"}},"week":{"displayName":"Tuần","relative-type--1":"tuần trước","relative-type-0":"tuần này","relative-type-1":"tuần sau","relativeTime-type-future":{"relativeTimePattern-count-other":"trong {0} tuần nữa"},"relativeTime-type-past":{"relativeTimePattern-count-other":"{0} tuần trước"}},"week-short":{"displayName":"Tuần","relative-type--1":"tuần trước","relative-type-0":"tuần này","relative-type-1":"tuần sau","relativeTime-type-future":{"relativeTimePattern-count-other":"trong {0} tuần nữa"},"relativeTime-type-past":{"relativeTimePattern-count-other":"{0} tuần trước"}},"week-narrow":{"displayName":"Tuần","relative-type--1":"tuần trước","relative-type-0":"tuần này","relative-type-1":"tuần sau","relativeTime-type-future":{"relativeTimePattern-count-other":"trong {0} tuần nữa"},"relativeTime-type-past":{"relativeTimePattern-count-other":"{0} tuần trước"}},"day":{"displayName":"Ngày","relative-type--1":"hôm qua","relative-type--2":"hôm kia","relative-type-0":"hôm nay","relative-type-1":"ngày mai","relative-type-2":"ngày kia","relativeTime-type-future":{"relativeTimePattern-count-other":"trong {0} ngày nữa"},"relativeTime-type-past":{"relativeTimePattern-count-other":"{0} ngày trước"}},"day-short":{"displayName":"Ngày","relative-type--1":"hôm qua","relative-type--2":"hôm kia","relative-type-0":"hôm nay","relative-type-1":"ngày mai","relative-type-2":"ngày kia","relativeTime-type-future":{"relativeTimePattern-count-other":"trong {0} ngày nữa"},"relativeTime-type-past":{"relativeTimePattern-count-other":"{0} ngày trước"}},"day-narrow":{"displayName":"Ngày","relative-type--1":"hôm qua","relative-type--2":"hôm kia","relative-type-0":"hôm nay","relative-type-1":"ngày mai","relative-type-2":"ngày kia","relativeTime-type-future":{"relativeTimePattern-count-other":"trong {0} ngày"},"relativeTime-type-past":{"relativeTimePattern-count-other":"{0} ngày trước"}},"weekday":{"displayName":"Ngày trong tuần"},"sun":{"relative-type--1":"Chủ Nhật tuần trước","relative-type-0":"Chủ Nhật tuần này","relative-type-1":"Chủ Nhật tuần sau"},"sun-short":{"relative-type--1":"Chủ Nhật tuần trước","relative-type-0":"Chủ Nhật tuần này","relative-type-1":"Chủ Nhật tuần sau"},"sun-narrow":{"relative-type--1":"Chủ Nhật tuần trước","relative-type-0":"Chủ Nhật tuần này","relative-type-1":"Chủ Nhật tuần sau"},"mon":{"relative-type--1":"Thứ Hai tuần trước","relative-type-0":"Thứ Hai tuần này","relative-type-1":"Thứ Hai tuần sau"},"mon-short":{"relative-type--1":"Thứ Hai tuần trước","relative-type-0":"Thứ Hai tuần này","relative-type-1":"Thứ Hai tuần sau"},"mon-narrow":{"relative-type--1":"Thứ Hai tuần trước","relative-type-0":"Thứ Hai tuần này","relative-type-1":"Thứ Hai tuần sau"},"tue":{"relative-type--1":"Thứ Ba tuần trước","relative-type-0":"Thứ Ba tuần này","relative-type-1":"Thứ Ba tuần sau"},"tue-short":{"relative-type--1":"Thứ Ba tuần trước","relative-type-0":"Thứ Ba tuần này","relative-type-1":"Thứ Ba tuần sau"},"tue-narrow":{"relative-type--1":"Thứ Ba tuần trước","relative-type-0":"Thứ Ba tuần này","relative-type-1":"Thứ Ba tuần sau"},"wed":{"relative-type--1":"Thứ Tư tuần trước","relative-type-0":"Thứ Tư tuần này","relative-type-1":"Thứ Tư tuần sau"},"wed-short":{"relative-type--1":"Thứ Tư tuần trước","relative-type-0":"Thứ Tư tuần này","relative-type-1":"Thứ Tư tuần sau"},"wed-narrow":{"relative-type--1":"Thứ Tư tuần trước","relative-type-0":"Thứ Tư tuần này","relative-type-1":"Thứ Tư tuần sau"},"thu":{"relative-type--1":"Thứ Năm tuần trước","relative-type-0":"Thứ Năm tuần này","relative-type-1":"Thứ Năm tuần sau"},"thu-short":{"relative-type--1":"Thứ Năm tuần trước","relative-type-0":"Thứ Năm tuần này","relative-type-1":"Thứ Năm tuần sau"},"thu-narrow":{"relative-type--1":"Thứ Năm tuần trước","relative-type-0":"Thứ Năm tuần này","relative-type-1":"Thứ Năm tuần sau"},"fri":{"relative-type--1":"Thứ Sáu tuần trước","relative-type-0":"Thứ Sáu tuần này","relative-type-1":"Thứ Sáu tuần sau"},"fri-short":{"relative-type--1":"Thứ Sáu tuần trước","relative-type-0":"Thứ Sáu tuần này","relative-type-1":"Thứ Sáu tuần sau"},"fri-narrow":{"relative-type--1":"Thứ Sáu tuần trước","relative-type-0":"Thứ Sáu tuần này","relative-type-1":"Thứ Sáu tuần sau"},"sat":{"relative-type--1":"Thứ Bảy tuần trước","relative-type-0":"Thứ Bảy tuần này","relative-type-1":"Thứ Bảy tuần sau"},"sat-short":{"relative-type--1":"Thứ Bảy tuần trước","relative-type-0":"Thứ Bảy tuần này","relative-type-1":"Thứ Bảy tuần sau"},"sat-narrow":{"relative-type--1":"Thứ Bảy tuần trước","relative-type-0":"Thứ Bảy tuần này","relative-type-1":"Thứ Bảy tuần sau"},"dayperiod":{"displayName":"SA/CH"},"hour":{"displayName":"Giờ","relativeTime-type-future":{"relativeTimePattern-count-other":"trong {0} giờ nữa"},"relativeTime-type-past":{"relativeTimePattern-count-other":"{0} giờ trước"}},"hour-short":{"displayName":"Giờ","relativeTime-type-future":{"relativeTimePattern-count-other":"trong {0} giờ nữa"},"relativeTime-type-past":{"relativeTimePattern-count-other":"{0} giờ trước"}},"hour-narrow":{"displayName":"Giờ","relativeTime-type-future":{"relativeTimePattern-count-other":"trong {0} giờ"},"relativeTime-type-past":{"relativeTimePattern-count-other":"{0} giờ trước"}},"minute":{"displayName":"Phút","relativeTime-type-future":{"relativeTimePattern-count-other":"trong {0} phút nữa"},"relativeTime-type-past":{"relativeTimePattern-count-other":"{0} phút trước"}},"minute-short":{"displayName":"Phút","relativeTime-type-future":{"relativeTimePattern-count-other":"trong {0} phút nữa"},"relativeTime-type-past":{"relativeTimePattern-count-other":"{0} phút trước"}},"minute-narrow":{"displayName":"Phút","relativeTime-type-future":{"relativeTimePattern-count-other":"trong {0} phút"},"relativeTime-type-past":{"relativeTimePattern-count-other":"{0} phút trước"}},"second":{"displayName":"Giây","relative-type-0":"bây giờ","relativeTime-type-future":{"relativeTimePattern-count-other":"trong {0} giây nữa"},"relativeTime-type-past":{"relativeTimePattern-count-other":"{0} giây trước"}},"second-short":{"displayName":"Giây","relative-type-0":"bây giờ","relativeTime-type-future":{"relativeTimePattern-count-other":"trong {0} giây nữa"},"relativeTime-type-past":{"relativeTimePattern-count-other":"{0} giây trước"}},"second-narrow":{"displayName":"Giây","relative-type-0":"bây giờ","relativeTime-type-future":{"relativeTimePattern-count-other":"trong {0} giây"},"relativeTime-type-past":{"relativeTimePattern-count-other":"{0} giây trước"}},"zone":{"displayName":"Múi giờ"}}