{"long":{"_compoundPattern":"%1$s/%2$s","acceleration":{"g-force":{"_name":"lực g","other":"%1$s lực g"},"meter-per-second-squared":{"_name":"m/s²","other":"%1$s m/s²"}},"angle":{"arc-minute":{"_name":"phút","other":"%1$s phút"},"arc-second":{"_name":"giây","other":"%1$s giây"},"degree":{"_name":"độ","other":"%1$s độ"},"radian":{"_name":"radian","other":"%1$s radian"}},"area":{"acre":{"_name":"mẫu","other":"%1$s mẫu"},"hectare":{"_name":"héc-ta","other":"%1$s héc-ta"},"square-centimeter":{"_name":"xentimét vuông","other":"%1$s xentimét vuông"},"square-foot":{"_name":"feet vuông","other":"%1$s feet vuông"},"square-inch":{"_name":"inch vuông","other":"%1$s inch vuông"},"square-kilometer":{"_name":"kilômét vuông","other":"%1$s kilômét vuông"},"square-meter":{"_name":"mét vuông","other":"%1$s mét vuông"},"square-mile":{"_name":"dặm vuông","other":"%1$s dặm vuông"},"square-yard":{"_name":"yard vuông","other":"%1$s yard vuông"}},"consumption":{"liter-per-kilometer":{"_name":"lít/km","other":"%1$s lít/km"},"mile-per-gallon":{"_name":"dặm/gallon","other":"%1$s dặm/gallon"}},"digital":{"bit":{"_name":"bit","other":"%1$s bit"},"byte":{"_name":"byte","other":"%1$s byte"},"gigabit":{"_name":"gigabit","other":"%1$s gigabit"},"gigabyte":{"_name":"gigabyte","other":"%1$s gigabyte"},"kilobit":{"_name":"kilobit","other":"%1$s kilobit"},"kilobyte":{"_name":"kilobyte","other":"%1$s kilobyte"},"megabit":{"_name":"megabit","other":"%1$s megabit"},"megabyte":{"_name":"megabyte","other":"%1$s megabyte"},"terabit":{"_name":"terabit","other":"%1$s terabit"},"terabyte":{"_name":"terabyte","other":"%1$s terabyte"}},"duration":{"day":{"_name":"ngày","other":"%1$s ngày"},"hour":{"_name":"giờ","other":"%1$s giờ","_per":"%1$s/giờ"},"microsecond":{"_name":"micrô giây","other":"%1$s micrô giây"},"millisecond":{"_name":"mili giây","other":"%1$s mili giây"},"minute":{"_name":"phút","other":"%1$s phút"},"month":{"_name":"tháng","other":"%1$s tháng"},"nanosecond":{"_name":"nano giây","other":"%1$s nano giây"},"second":{"_name":"giây","other":"%1$s giây","_per":"%1$s/giây"},"week":{"_name":"tuần","other":"%1$s tuần"},"year":{"_name":"năm","other":"%1$s năm"}},"electric":{"ampere":{"_name":"ampe","other":"%1$s ampe"},"milliampere":{"_name":"mili ampe","other":"%1$s mili ampe"},"ohm":{"_name":"ohm","other":"%1$s ohm"},"volt":{"_name":"vôn","other":"%1$s vôn"}},"energy":{"calorie":{"_name":"calo","other":"%1$s calo"},"foodcalorie":{"_name":"Calo","other":"%1$s Calo"},"joule":{"_name":"jun","other":"%1$s jun"},"kilocalorie":{"_name":"kilô calo","other":"%1$s kilô calo"},"kilojoule":{"_name":"kilô jun","other":"%1$s kilô jun"},"kilowatt-hour":{"_name":"kilôoát giờ","other":"%1$s kilôoát giờ"}},"frequency":{"gigahertz":{"_name":"GHz","other":"%1$s GHz"},"hertz":{"_name":"Hz","other":"%1$s Hz"},"kilohertz":{"_name":"kHz","other":"%1$s kHz"},"megahertz":{"_name":"MHz","other":"%1$s MHz"}},"length":{"astronomical-unit":{"_name":"au","other":"%1$s au"},"centimeter":{"_name":"xentimét","other":"%1$s xentimét"},"decimeter":{"_name":"đềximét","other":"%1$s đềximét"},"fathom":{"_name":"fm","other":"%1$s fm"},"foot":{"_name":"feet","other":"%1$s feet"},"furlong":{"_name":"fur","other":"%1$s fur"},"inch":{"_name":"inch","other":"%1$s inch"},"kilometer":{"_name":"kilômét","other":"%1$s kilômét"},"light-year":{"_name":"năm ánh sáng","other":"%1$s năm ánh sáng"},"meter":{"_name":"mét","other":"%1$s mét"},"micrometer":{"_name":"micrômét","other":"%1$s micrômét"},"mile":{"_name":"dặm","other":"%1$s dặm"},"millimeter":{"_name":"milimét","other":"%1$s milimét"},"nanometer":{"_name":"nanomét","other":"%1$s nanomét"},"nautical-mile":{"_name":"hải lý","other":"%1$s hải lý"},"parsec":{"_name":"parsec","other":"%1$s parsec"},"picometer":{"_name":"picômét","other":"%1$s picômét"},"yard":{"_name":"yard","other":"%1$s yard"}},"light":{"lux":{"_name":"lux","other":"%1$s lux"}},"mass":{"carat":{"_name":"carat","other":"%1$s carat"},"gram":{"_name":"gam","other":"%1$s gam"},"kilogram":{"_name":"kilôgam","other":"%1$s kilôgam"},"metric-ton":{"_name":"MT","other":"%1$s MT"},"microgram":{"_name":"micrôgam","other":"%1$s micrô gam"},"milligram":{"_name":"miligam","other":"%1$s miligam"},"ounce":{"_name":"ao-xơ","other":"%1$s ao-xơ"},"ounce-troy":{"_name":"oz t","other":"%1$s oz t"},"pound":{"_name":"pao","other":"%1$s pao"},"stone":{"_name":"st","other":"%1$s st"},"ton":{"_name":"tấn","other":"%1$s tấn"}},"power":{"gigawatt":{"_name":"gigaoát","other":"%1$s gigaoát"},"horsepower":{"_name":"mã lực","other":"%1$s mã lực"},"kilowatt":{"_name":"kilôoát","other":"%1$s kilôoát"},"megawatt":{"_name":"Megaoát","other":"%1$s Megaoát"},"milliwatt":{"_name":"milioát","other":"%1$s milioát"},"watt":{"_name":"oát","other":"%1$s oát"}},"pressure":{"hectopascal":{"_name":"héctô pascal","other":"%1$s héctô pascal"},"inch-hg":{"_name":"inch thủy ngân","other":"%1$s inch thủy ngân"},"millibar":{"_name":"millibar","other":"%1$s millibar"},"millimeter-of-mercury":{"_name":"mm Hg","other":"%1$s mm Hg"},"pound-per-square-inch":{"_name":"psi","other":"%1$s psi"}},"proportion":{"karat":{"_name":"karat","other":"%1$s karat"}},"speed":{"kilometer-per-hour":{"_name":"kilômét/giờ","other":"%1$s kilômét/giờ"},"meter-per-second":{"_name":"mét/giây","other":"%1$s mét/giây"},"mile-per-hour":{"_name":"dặm/giờ","other":"%1$s dặm/giờ"}},"temperature":{"celsius":{"_name":"độ C","other":"%1$s độ C"},"fahrenheit":{"_name":"độ F","other":"%1$s độ F"},"kelvin":{"_name":"độ K","other":"%1$s độ K"}},"volume":{"acre-foot":{"_name":"ac ft","other":"%1$s ac ft"},"bushel":{"_name":"bu","other":"%1$s bu"},"centiliter":{"_name":"xentilít","other":"%1$s xentilít"},"cubic-centimeter":{"_name":"xentimét khối","other":"%1$s xentimét khối"},"cubic-foot":{"_name":"foot khối","other":"%1$s foot khối"},"cubic-inch":{"_name":"inch khối","other":"%1$s inch khối"},"cubic-kilometer":{"_name":"kilômét khối","other":"%1$s kilômét khối"},"cubic-meter":{"_name":"mét khối","other":"%1$s mét khối"},"cubic-mile":{"_name":"dặm khối","other":"%1$s dặm khối"},"cubic-yard":{"_name":"yard khối","other":"%1$s yard khối"},"cup":{"_name":"cup","other":"%1$s cup"},"deciliter":{"_name":"đềxilít","other":"%1$s đềxilít"},"fluid-ounce":{"_name":"fl oz","other":"%1$s fl oz"},"gallon":{"_name":"gallon","other":"%1$s gallon"},"hectoliter":{"_name":"hectolit","other":"%1$s hectolit"},"liter":{"_name":"lít","other":"%1$s lít"},"megaliter":{"_name":"megalít","other":"%1$s megalít"},"milliliter":{"_name":"mililít","other":"%1$s mililít"},"pint":{"_name":"pint","other":"%1$s pint"},"quart":{"_name":"quart","other":"%1$s quart"},"tablespoon":{"_name":"muỗng canh","other":"%1$s muỗng canh"},"teaspoon":{"_name":"muỗng cà phê","other":"%1$s muỗng cà phê"}}},"short":{"_compoundPattern":"%1$s/%2$s","acceleration":{"g-force":{"_name":"lực g","other":"%1$s G"},"meter-per-second-squared":{"_name":"m/s²","other":"%1$s m/s²"}},"angle":{"arc-minute":{"_name":"phút","other":"%1$s′"},"arc-second":{"_name":"giây","other":"%1$s″"},"degree":{"_name":"độ","other":"%1$s°"},"radian":{"_name":"rad","other":"%1$s rad"}},"area":{"acre":{"_name":"mẫu","other":"%1$s mẫu"},"hectare":{"_name":"ha","other":"%1$s ha"},"square-centimeter":{"_name":"cm²","other":"%1$s cm²"},"square-foot":{"_name":"ft²","other":"%1$s feet vuông"},"square-inch":{"_name":"in²","other":"%1$s in²"},"square-kilometer":{"_name":"km²","other":"%1$s km²"},"square-meter":{"_name":"m²","other":"%1$s m²"},"square-mile":{"_name":"dặm vuông","other":"%1$s dặm vuông"},"square-yard":{"_name":"yd²","other":"%1$s yd²"}},"consumption":{"liter-per-kilometer":{"_name":"l/km","other":"%1$s l/km"},"mile-per-gallon":{"_name":"mpg","other":"%1$s mpg"}},"digital":{"bit":{"_name":"bit","other":"%1$s bit"},"byte":{"_name":"byte","other":"%1$s byte"},"gigabit":{"_name":"Gb","other":"%1$s Gb"},"gigabyte":{"_name":"GB","other":"%1$s GB"},"kilobit":{"_name":"kb","other":"%1$s kb"},"kilobyte":{"_name":"kB","other":"%1$s kB"},"megabit":{"_name":"Mb","other":"%1$s Mb"},"megabyte":{"_name":"MB","other":"%1$s MB"},"terabit":{"_name":"Tb","other":"%1$s Tb"},"terabyte":{"_name":"TB","other":"%1$s TB"}},"duration":{"day":{"_name":"ngày","other":"%1$s ngày"},"hour":{"_name":"giờ","other":"%1$s giờ","_per":"%1$s/giờ"},"microsecond":{"_name":"μs","other":"%1$s μs"},"millisecond":{"_name":"ms","other":"%1$s ms"},"minute":{"_name":"phút","other":"%1$s phút"},"month":{"_name":"tháng","other":"%1$s tháng"},"nanosecond":{"_name":"ns","other":"%1$s ns"},"second":{"_name":"giây","other":"%1$s giây","_per":"%1$s/giây"},"week":{"_name":"tuần","other":"%1$s tuần"},"year":{"_name":"năm","other":"%1$s năm"}},"electric":{"ampere":{"_name":"A","other":"%1$s A"},"milliampere":{"_name":"mA","other":"%1$s mA"},"ohm":{"_name":"Ω","other":"%1$s Ω"},"volt":{"_name":"v","other":"%1$s V"}},"energy":{"calorie":{"_name":"cal","other":"%1$s cal"},"foodcalorie":{"_name":"Cal","other":"%1$s Cal"},"joule":{"_name":"J","other":"%1$s J"},"kilocalorie":{"_name":"kcal","other":"%1$s kcal"},"kilojoule":{"_name":"kJ","other":"%1$s kJ"},"kilowatt-hour":{"_name":"kWh","other":"%1$s kWh"}},"frequency":{"gigahertz":{"_name":"GHz","other":"%1$s GHz"},"hertz":{"_name":"Hz","other":"%1$s Hz"},"kilohertz":{"_name":"kHz","other":"%1$s kHz"},"megahertz":{"_name":"MHz","other":"%1$s MHz"}},"length":{"astronomical-unit":{"_name":"au","other":"%1$s au"},"centimeter":{"_name":"cm","other":"%1$s cm"},"decimeter":{"_name":"dm","other":"%1$s dm"},"fathom":{"_name":"fm","other":"%1$s fm"},"foot":{"_name":"ft","other":"%1$s ft"},"furlong":{"_name":"fur","other":"%1$s fur"},"inch":{"_name":"inch","other":"%1$s inch"},"kilometer":{"_name":"km","other":"%1$s km"},"light-year":{"_name":"ly","other":"%1$s ly"},"meter":{"_name":"m","other":"%1$s m"},"micrometer":{"_name":"µm","other":"%1$s µm"},"mile":{"_name":"dặm","other":"%1$s dặm"},"millimeter":{"_name":"mm","other":"%1$s mm"},"nanometer":{"_name":"nm","other":"%1$s nm"},"nautical-mile":{"_name":"hải lý","other":"%1$s hải lý"},"parsec":{"_name":"pc","other":"%1$s pc"},"picometer":{"_name":"pm","other":"%1$s pm"},"yard":{"_name":"yd","other":"%1$s yd"}},"light":{"lux":{"_name":"lx","other":"%1$s lx"}},"mass":{"carat":{"_name":"CD","other":"%1$s CD"},"gram":{"_name":"g","other":"%1$s g"},"kilogram":{"_name":"kg","other":"%1$s kg"},"metric-ton":{"_name":"t","other":"%1$s t"},"microgram":{"_name":"µg","other":"%1$s µg"},"milligram":{"_name":"mg","other":"%1$s mg"},"ounce":{"_name":"oz","other":"%1$s oz"},"ounce-troy":{"_name":"oz t","other":"%1$s oz t"},"pound":{"_name":"pao","other":"%1$s lb"},"stone":{"_name":"st","other":"%1$s st"},"ton":{"_name":"tn","other":"%1$s tn"}},"power":{"gigawatt":{"_name":"GW","other":"%1$s GW"},"horsepower":{"_name":"hp","other":"%1$s hp"},"kilowatt":{"_name":"kW","other":"%1$s kW"},"megawatt":{"_name":"MW","other":"%1$s MW"},"milliwatt":{"_name":"mW","other":"%1$s mW"},"watt":{"_name":"W","other":"%1$s W"}},"pressure":{"hectopascal":{"_name":"hPa","other":"%1$s hPa"},"inch-hg":{"_name":"inHg","other":"%1$s inHg"},"millibar":{"_name":"mbar","other":"%1$s mbar"},"millimeter-of-mercury":{"_name":"mm Hg","other":"%1$s mm Hg"},"pound-per-square-inch":{"_name":"psi","other":"%1$s psi"}},"proportion":{"karat":{"_name":"kt","other":"%1$s kt"}},"speed":{"kilometer-per-hour":{"_name":"km/h","other":"%1$s km/h"},"meter-per-second":{"_name":"m/s","other":"%1$s m/s"},"mile-per-hour":{"_name":"mi/h","other":"%1$s mph"}},"temperature":{"celsius":{"_name":"°C","other":"%1$s°C"},"fahrenheit":{"_name":"°F","other":"%1$s°F"},"kelvin":{"_name":"K","other":"%1$s K"}},"volume":{"acre-foot":{"_name":"ac ft","other":"%1$s ac ft"},"bushel":{"_name":"bu","other":"%1$s bu"},"centiliter":{"_name":"cL","other":"%1$s cL"},"cubic-centimeter":{"_name":"cm³","other":"%1$s cm³"},"cubic-foot":{"_name":"ft³","other":"%1$s ft³"},"cubic-inch":{"_name":"in³","other":"%1$s in³"},"cubic-kilometer":{"_name":"km³","other":"%1$s km³"},"cubic-meter":{"_name":"m³","other":"%1$s m³"},"cubic-mile":{"_name":"mi³","other":"%1$s mi³"},"cubic-yard":{"_name":"yd³","other":"%1$s yd³"},"cup":{"_name":"c","other":"%1$s c"},"deciliter":{"_name":"dL","other":"%1$s dL"},"fluid-ounce":{"_name":"fl oz","other":"%1$s fl oz"},"gallon":{"_name":"gal","other":"%1$s gal"},"hectoliter":{"_name":"hL","other":"%1$s hL"},"liter":{"_name":"l","other":"%1$s l"},"megaliter":{"_name":"ML","other":"%1$s ML"},"milliliter":{"_name":"mL","other":"%1$s mL"},"pint":{"_name":"pt","other":"%1$s pt"},"quart":{"_name":"qt","other":"%1$s qt"},"tablespoon":{"_name":"tbsp","other":"%1$s tbsp"},"teaspoon":{"_name":"tsp","other":"%1$s tsp"}}},"narrow":{"_compoundPattern":"%1$s/%2$s","acceleration":{"g-force":{"_name":"lực g","other":"%1$sG"},"meter-per-second-squared":{"_name":"m/s²","other":"%1$s m/s²"}},"angle":{"arc-minute":{"_name":"phút","other":"%1$s′"},"arc-second":{"_name":"giây","other":"%1$s″"},"degree":{"_name":"độ","other":"%1$s°"},"radian":{"_name":"rad","other":"%1$s rad"}},"area":{"acre":{"_name":"mẫu","other":"%1$s mẫu"},"hectare":{"_name":"ha","other":"%1$sha"},"square-centimeter":{"_name":"cm²","other":"%1$s cm²"},"square-foot":{"_name":"ft²","other":"%1$s ft²"},"square-inch":{"_name":"in²","other":"%1$s in²"},"square-kilometer":{"_name":"km²","other":"%1$s km²"},"square-meter":{"_name":"m²","other":"%1$s m²"},"square-mile":{"_name":"dặm vuông","other":"%1$s mi²"},"square-yard":{"_name":"yd²","other":"%1$s yd²"}},"consumption":{"liter-per-kilometer":{"_name":"l/km","other":"%1$s l/km"},"mile-per-gallon":{"_name":"mpg","other":"%1$s mpg"}},"digital":{"bit":{"_name":"bit","other":"%1$s bit"},"byte":{"_name":"byte","other":"%1$s byte"},"gigabit":{"_name":"Gb","other":"%1$s Gb"},"gigabyte":{"_name":"GB","other":"%1$s GB"},"kilobit":{"_name":"kb","other":"%1$s kb"},"kilobyte":{"_name":"kB","other":"%1$s kB"},"megabit":{"_name":"Mb","other":"%1$s Mb"},"megabyte":{"_name":"MB","other":"%1$s MB"},"terabit":{"_name":"Tb","other":"%1$s Tb"},"terabyte":{"_name":"TB","other":"%1$s TB"}},"duration":{"day":{"_name":"ngày","other":"%1$s ngày"},"hour":{"_name":"giờ","other":"%1$s giờ","_per":"%1$s/giờ"},"microsecond":{"_name":"μs","other":"%1$s μs"},"millisecond":{"_name":"ms","other":"%1$sms"},"minute":{"_name":"phút","other":"%1$s phút"},"month":{"_name":"tháng","other":"%1$s tháng"},"nanosecond":{"_name":"ns","other":"%1$s ns"},"second":{"_name":"giây","other":"%1$s giây","_per":"%1$s/giây"},"week":{"_name":"tuần","other":"%1$s tuần"},"year":{"_name":"năm","other":"%1$s năm"}},"electric":{"ampere":{"_name":"A","other":"%1$s A"},"milliampere":{"_name":"mA","other":"%1$s mA"},"ohm":{"_name":"Ω","other":"%1$s Ω"},"volt":{"_name":"v","other":"%1$s V"}},"energy":{"calorie":{"_name":"cal","other":"%1$s cal"},"foodcalorie":{"_name":"Cal","other":"%1$s Cal"},"joule":{"_name":"J","other":"%1$s J"},"kilocalorie":{"_name":"kcal","other":"%1$s kcal"},"kilojoule":{"_name":"kJ","other":"%1$s kJ"},"kilowatt-hour":{"_name":"kWh","other":"%1$s kWh"}},"frequency":{"gigahertz":{"_name":"GHz","other":"%1$s GHz"},"hertz":{"_name":"Hz","other":"%1$s Hz"},"kilohertz":{"_name":"kHz","other":"%1$s kHz"},"megahertz":{"_name":"MHz","other":"%1$s MHz"}},"length":{"astronomical-unit":{"_name":"au","other":"%1$s au"},"centimeter":{"_name":"cm","other":"%1$scm"},"decimeter":{"_name":"dm","other":"%1$s dm"},"fathom":{"_name":"fm","other":"%1$s fm"},"foot":{"_name":"ft","other":"%1$s'"},"furlong":{"_name":"fur","other":"%1$s fur"},"inch":{"_name":"inch","other":"%1$s\""},"kilometer":{"_name":"km","other":"%1$skm"},"light-year":{"_name":"ly","other":"%1$sly"},"meter":{"_name":"m","other":"%1$sm"},"micrometer":{"_name":"µm","other":"%1$s µm"},"mile":{"_name":"dặm","other":"%1$smi"},"millimeter":{"_name":"mm","other":"%1$smm"},"nanometer":{"_name":"nm","other":"%1$s nm"},"nautical-mile":{"_name":"hải lý","other":"%1$s hải lý"},"parsec":{"_name":"pc","other":"%1$s pc"},"picometer":{"_name":"pm","other":"%1$spm"},"yard":{"_name":"yd","other":"%1$syd"}},"light":{"lux":{"_name":"lx","other":"%1$s lx"}},"mass":{"carat":{"_name":"CD","other":"%1$s CD"},"gram":{"_name":"g","other":"%1$sg"},"kilogram":{"_name":"kg","other":"%1$skg"},"metric-ton":{"_name":"t","other":"%1$s t"},"microgram":{"_name":"µg","other":"%1$s µg"},"milligram":{"_name":"mg","other":"%1$s mg"},"ounce":{"_name":"oz","other":"%1$soz"},"ounce-troy":{"_name":"oz t","other":"%1$s oz t"},"pound":{"_name":"pao","other":"%1$slb"},"stone":{"_name":"st","other":"%1$s st"},"ton":{"_name":"tn","other":"%1$s tn"}},"power":{"gigawatt":{"_name":"GW","other":"%1$s GW"},"horsepower":{"_name":"hp","other":"%1$shp"},"kilowatt":{"_name":"kW","other":"%1$skW"},"megawatt":{"_name":"MW","other":"%1$s MW"},"milliwatt":{"_name":"mW","other":"%1$s mW"},"watt":{"_name":"W","other":"%1$sW"}},"pressure":{"hectopascal":{"_name":"hPa","other":"%1$shPa"},"inch-hg":{"_name":"inHg","other":"%1$s\" Hg"},"millibar":{"_name":"mbar","other":"%1$smb"},"millimeter-of-mercury":{"_name":"mm Hg","other":"%1$s mm Hg"},"pound-per-square-inch":{"_name":"psi","other":"%1$s psi"}},"proportion":{"karat":{"_name":"kt","other":"%1$s kt"}},"speed":{"kilometer-per-hour":{"_name":"km/h","other":"%1$skm/h"},"meter-per-second":{"_name":"m/s","other":"%1$sm/s"},"mile-per-hour":{"_name":"mi/h","other":"%1$smph"}},"temperature":{"celsius":{"_name":"°C","other":"%1$s°C"},"fahrenheit":{"_name":"°F","other":"%1$s°F"},"kelvin":{"_name":"K","other":"%1$s K"}},"volume":{"acre-foot":{"_name":"ac ft","other":"%1$s ac ft"},"bushel":{"_name":"bu","other":"%1$s bu"},"centiliter":{"_name":"cL","other":"%1$s cL"},"cubic-centimeter":{"_name":"cm³","other":"%1$s cm³"},"cubic-foot":{"_name":"ft³","other":"%1$s ft³"},"cubic-inch":{"_name":"in³","other":"%1$s in³"},"cubic-kilometer":{"_name":"km³","other":"%1$skm³"},"cubic-meter":{"_name":"m³","other":"%1$s m³"},"cubic-mile":{"_name":"mi³","other":"%1$smi³"},"cubic-yard":{"_name":"yd³","other":"%1$s yd³"},"cup":{"_name":"c","other":"%1$s c"},"deciliter":{"_name":"dL","other":"%1$s dL"},"fluid-ounce":{"_name":"fl oz","other":"%1$s fl oz"},"gallon":{"_name":"gal","other":"%1$s gal"},"hectoliter":{"_name":"hL","other":"%1$s hL"},"liter":{"_name":"l","other":"%1$sl"},"megaliter":{"_name":"ML","other":"%1$s ML"},"milliliter":{"_name":"mL","other":"%1$s mL"},"pint":{"_name":"pt","other":"%1$s pt"},"quart":{"_name":"qt","other":"%1$s qt"},"tablespoon":{"_name":"tbsp","other":"%1$s tbsp"},"teaspoon":{"_name":"tsp","other":"%1$s tsp"}}},"_durationPattern":{"hm":"h:mm","hms":"h:mm:ss","ms":"m:ss"}}