{"localeDisplayPattern":{"localePattern":"%1$s (%2$s)","localeSeparator":"%1$s, %2$s","localeKeyTypePattern":"%1$s: %2$s"},"keys":{"calendar":"Calendário","colAlternate":"Ignorar classificação de símbolos","colBackwards":"Classificação reversa de acentos","colCaseFirst":"Ordem de maiúsculas/minúsculas","colCaseLevel":"Ordem com diferenciação de maiúsculas e minúsculas","colHiraganaQuaternary":"Classificação kana","colNormalization":"Classificação normalizada","colNumeric":"Classificação numérica","colStrength":"Intensidade da classificação","collation":"Ordenação","currency":"Moeda","numbers":"Números","timezone":"Fuso horário","va":"Variante de localidade","variableTop":"Classificar como símbolos","x":"Uso privado"},"types":{"numbers":{"vaii":"Dígitos vai"},"collation":{"zhuyin":"zhuyin"},"calendar":{"roc":"Calendário da República da China"},"colStrength":{"tertiary":"Classificar acentos/maiúsculas e minúsculas/largura"},"colCaseFirst":{"upper":"Classificar por maiúsculas"},"colBackwards":{"yes":"Classificação reversa de acentos"},"colCaseLevel":{"yes":"Classificação com diferenciação de maiúsculas e minúsculas"},"colHiraganaQuaternary":{"yes":"Classificar kana diferentemente"},"colNormalization":{"yes":"Classificar Unicode normalizado"},"colNumeric":{"yes":"Classificar dígitos numericamente"},"colAlternate":{"shifted":"Classificar ignorando símbolos"}},"codePatterns":{"language":"Idioma: %1$s","script":"Alfabeto: %1$s","territory":"Região: %1$s"}}