{"hourFormat":"+HH:mm;-HH:mm","gmtFormat":"GMT%1$s","gmtZeroFormat":"GMT","regionFormat":"Час: %1$s","regionFormat-type-standard":"Час: %1$s, стандартний","regionFormat-type-daylight":"Час: %1$s, літній","fallbackFormat":"%2$s (%1$s)","zone":{"America":{"Adak":{"exemplarCity":"Адак"},"Anchorage":{"exemplarCity":"Анкоридж"},"Anguilla":{"exemplarCity":"Ангілья"},"Antigua":{"exemplarCity":"Антигуа"},"Araguaina":{"exemplarCity":"Арагуайна"},"Argentina":{"La_Rioja":{"exemplarCity":"Ла-Ріоха"},"Rio_Gallegos":{"exemplarCity":"Ріо-Гальєгос"},"Salta":{"exemplarCity":"Сальта"},"San_Juan":{"exemplarCity":"Сан-Хуан"},"San_Luis":{"exemplarCity":"Сан-Луїс"},"Tucuman":{"exemplarCity":"Тукуман"},"Ushuaia":{"exemplarCity":"Ушуая"}},"Aruba":{"exemplarCity":"Аруба"},"Asuncion":{"exemplarCity":"Асунсьйон"},"Bahia":{"exemplarCity":"Байя"},"Bahia_Banderas":{"exemplarCity":"Баїя Бандерас"},"Barbados":{"exemplarCity":"Барбадос"},"Belem":{"exemplarCity":"Белен"},"Belize":{"exemplarCity":"Беліз"},"Blanc-Sablon":{"exemplarCity":"Бланк-Саблон"},"Boa_Vista":{"exemplarCity":"Боа-Віста"},"Bogota":{"exemplarCity":"Богота"},"Boise":{"exemplarCity":"Бойсе"},"Buenos_Aires":{"exemplarCity":"Буенос-Айрес"},"Cambridge_Bay":{"exemplarCity":"Кембридж-Бей"},"Campo_Grande":{"exemplarCity":"Кампу-Гранді"},"Cancun":{"exemplarCity":"Канкун"},"Caracas":{"exemplarCity":"Каракас"},"Catamarca":{"exemplarCity":"Катамарка"},"Cayenne":{"exemplarCity":"Каєнна"},"Cayman":{"exemplarCity":"Кайманові острови"},"Chicago":{"exemplarCity":"Чикаго"},"Chihuahua":{"exemplarCity":"Чіуауа"},"Coral_Harbour":{"exemplarCity":"Корал-Гарбор"},"Cordoba":{"exemplarCity":"Кордоба"},"Costa_Rica":{"exemplarCity":"Коста-Рика"},"Creston":{"exemplarCity":"Крестон"},"Cuiaba":{"exemplarCity":"Куяба"},"Curacao":{"exemplarCity":"Кюрасао"},"Danmarkshavn":{"exemplarCity":"Денмарксхавн"},"Dawson":{"exemplarCity":"Доусон"},"Dawson_Creek":{"exemplarCity":"Доусон-Крік"},"Denver":{"exemplarCity":"Денвер"},"Detroit":{"exemplarCity":"Детройт"},"Dominica":{"exemplarCity":"Домініка"},"Edmonton":{"exemplarCity":"Едмонтон"},"Eirunepe":{"exemplarCity":"Ейрунепе"},"El_Salvador":{"exemplarCity":"Сальвадор"},"Fortaleza":{"exemplarCity":"Форталеза"},"Glace_Bay":{"exemplarCity":"Глейс-Бей"},"Godthab":{"exemplarCity":"Нуук"},"Goose_Bay":{"exemplarCity":"Гуз-Бей"},"Grand_Turk":{"exemplarCity":"Гранд-Терк"},"Grenada":{"exemplarCity":"Гренада"},"Guadeloupe":{"exemplarCity":"Гваделупа"},"Guatemala":{"exemplarCity":"Гватемала"},"Guayaquil":{"exemplarCity":"Гуаякіль"},"Guyana":{"exemplarCity":"Гаяна"},"Halifax":{"exemplarCity":"Галіфакс"},"Havana":{"exemplarCity":"Гавана"},"Hermosillo":{"exemplarCity":"Ермосільйо"},"Indiana":{"Knox":{"exemplarCity":"Нокс, Індіана"},"Marengo":{"exemplarCity":"Маренго, Індіана"},"Petersburg":{"exemplarCity":"Пітерсберг, Індіана"},"Tell_City":{"exemplarCity":"Телл Сіті, Індіана"},"Vevay":{"exemplarCity":"Вівей, Індіана"},"Vincennes":{"exemplarCity":"Вінсенс, Індіана"},"Winamac":{"exemplarCity":"Вінамак, Індіана"}},"Indianapolis":{"exemplarCity":"Індіанаполіс"},"Inuvik":{"exemplarCity":"Інувік"},"Iqaluit":{"exemplarCity":"Ікалуїт"},"Jamaica":{"exemplarCity":"Ямайка"},"Jujuy":{"exemplarCity":"Жужуй"},"Juneau":{"exemplarCity":"Джуно"},"Kentucky":{"Monticello":{"exemplarCity":"Монтічелло, Кентуккі"}},"Kralendijk":{"exemplarCity":"Кралендейк"},"La_Paz":{"exemplarCity":"Ла-Пас"},"Lima":{"exemplarCity":"Ліма"},"Los_Angeles":{"exemplarCity":"Лос-Анджелес"},"Louisville":{"exemplarCity":"Луїсвілл"},"Lower_Princes":{"exemplarCity":"Лоуер-Принсес-Квотер"},"Maceio":{"exemplarCity":"Масейо"},"Managua":{"exemplarCity":"Манагуа"},"Manaus":{"exemplarCity":"Манаус"},"Marigot":{"exemplarCity":"Маріго"},"Martinique":{"exemplarCity":"Мартиніка"},"Matamoros":{"exemplarCity":"Матаморос"},"Mazatlan":{"exemplarCity":"Масатлан"},"Mendoza":{"exemplarCity":"Мендоса"},"Menominee":{"exemplarCity":"Меноміні"},"Merida":{"exemplarCity":"Меріда"},"Metlakatla":{"exemplarCity":"Метлакатла"},"Mexico_City":{"exemplarCity":"Мехіко"},"Miquelon":{"exemplarCity":"Мікелон"},"Moncton":{"exemplarCity":"Монктон"},"Monterrey":{"exemplarCity":"Монтерей"},"Montevideo":{"exemplarCity":"Монтевідео"},"Montserrat":{"exemplarCity":"Монсеррат"},"Nassau":{"exemplarCity":"Насау"},"New_York":{"exemplarCity":"Нью-Йорк"},"Nipigon":{"exemplarCity":"Ніпігон"},"Nome":{"exemplarCity":"Ном"},"Noronha":{"exemplarCity":"Норонья"},"North_Dakota":{"Beulah":{"exemplarCity":"Б’юла, Північна Дакота"},"Center":{"exemplarCity":"Центр, Північна Дакота"},"New_Salem":{"exemplarCity":"Нью-Салем, Північна Дакота"}},"Ojinaga":{"exemplarCity":"Охінага"},"Panama":{"exemplarCity":"Панама"},"Pangnirtung":{"exemplarCity":"Пангніртанг"},"Paramaribo":{"exemplarCity":"Парамарибо"},"Phoenix":{"exemplarCity":"Фінікс"},"Port-au-Prince":{"exemplarCity":"Порт-о-Пренс"},"Port_of_Spain":{"exemplarCity":"Порт-оф-Спейн"},"Porto_Velho":{"exemplarCity":"Порту-Велью"},"Puerto_Rico":{"exemplarCity":"Пуерто-Рико"},"Rainy_River":{"exemplarCity":"Рейні-Рівер"},"Rankin_Inlet":{"exemplarCity":"Ренкін-Інлет"},"Recife":{"exemplarCity":"Ресіфі"},"Regina":{"exemplarCity":"Реджайна"},"Resolute":{"exemplarCity":"Резолют"},"Rio_Branco":{"exemplarCity":"Ріо-Бранко"},"Santa_Isabel":{"exemplarCity":"Санта-Ісабель"},"Santarem":{"exemplarCity":"Сантарен"},"Santiago":{"exemplarCity":"Сантьяго"},"Santo_Domingo":{"exemplarCity":"Санто-Домінго"},"Sao_Paulo":{"exemplarCity":"Сан-Паулу"},"Scoresbysund":{"exemplarCity":"Іттоккортоорміут"},"Sitka":{"exemplarCity":"Сітка"},"St_Barthelemy":{"exemplarCity":"Сен-Бартельмі"},"St_Johns":{"exemplarCity":"Сент-Джонс"},"St_Kitts":{"exemplarCity":"Сент-Кітс"},"St_Lucia":{"exemplarCity":"Сент-Люсія"},"St_Thomas":{"exemplarCity":"Сент-Томас"},"St_Vincent":{"exemplarCity":"Сент-Вінсент"},"Swift_Current":{"exemplarCity":"Свіфт-Каррент"},"Tegucigalpa":{"exemplarCity":"Тегусігальпа"},"Thule":{"exemplarCity":"Туле"},"Thunder_Bay":{"exemplarCity":"Тандер-Бей"},"Tijuana":{"exemplarCity":"Тіхуана"},"Toronto":{"exemplarCity":"Торонто"},"Tortola":{"exemplarCity":"Тортола"},"Vancouver":{"exemplarCity":"Ванкувер"},"Whitehorse":{"exemplarCity":"Вайтгорс"},"Winnipeg":{"exemplarCity":"Вінніпег"},"Yakutat":{"exemplarCity":"Якутат"},"Yellowknife":{"exemplarCity":"Єллоунайф"}},"Atlantic":{"Azores":{"exemplarCity":"Азорські острови"},"Bermuda":{"exemplarCity":"Бермуди"},"Canary":{"exemplarCity":"Канари"},"Cape_Verde":{"exemplarCity":"Кабо-Верде"},"Faeroe":{"exemplarCity":"Фарерські острови"},"Madeira":{"exemplarCity":"Мадейра"},"Reykjavik":{"exemplarCity":"Рейкʼявік"},"South_Georgia":{"exemplarCity":"Південна Джорджія"},"St_Helena":{"exemplarCity":"Острів Святої Єлени"},"Stanley":{"exemplarCity":"Стенлі"}},"Europe":{"Amsterdam":{"exemplarCity":"Амстердам"},"Andorra":{"exemplarCity":"Андорра"},"Athens":{"exemplarCity":"Афіни"},"Belgrade":{"exemplarCity":"Белград"},"Berlin":{"exemplarCity":"Берлін"},"Bratislava":{"exemplarCity":"Братислава"},"Brussels":{"exemplarCity":"Брюссель"},"Bucharest":{"exemplarCity":"Бухарест"},"Budapest":{"exemplarCity":"Будапешт"},"Busingen":{"exemplarCity":"Бюзінген"},"Chisinau":{"exemplarCity":"Кишинів"},"Copenhagen":{"exemplarCity":"Копенгаген"},"Dublin":{"long":{"daylight":"за літнім часом в Ірландії"},"exemplarCity":"Дублін"},"Gibraltar":{"exemplarCity":"Гібралтар"},"Guernsey":{"exemplarCity":"Гернсі"},"Helsinki":{"exemplarCity":"Гельсінкі"},"Isle_of_Man":{"exemplarCity":"Острів Мен"},"Istanbul":{"exemplarCity":"Стамбул"},"Jersey":{"exemplarCity":"Джерсі"},"Kaliningrad":{"exemplarCity":"Калінінград"},"Kiev":{"exemplarCity":"Київ"},"Lisbon":{"exemplarCity":"Лісабон"},"Ljubljana":{"exemplarCity":"Любляна"},"London":{"long":{"daylight":"за літнім часом у Великобританії"},"exemplarCity":"Лондон"},"Luxembourg":{"exemplarCity":"Люксембург"},"Madrid":{"exemplarCity":"Мадрид"},"Malta":{"exemplarCity":"Мальта"},"Mariehamn":{"exemplarCity":"Марієгамн"},"Minsk":{"exemplarCity":"Мінськ"},"Monaco":{"exemplarCity":"Монако"},"Moscow":{"exemplarCity":"Москва"},"Oslo":{"exemplarCity":"Осло"},"Paris":{"exemplarCity":"Париж"},"Podgorica":{"exemplarCity":"Подгориця"},"Prague":{"exemplarCity":"Прага"},"Riga":{"exemplarCity":"Рига"},"Rome":{"exemplarCity":"Рим"},"Samara":{"exemplarCity":"Самара"},"San_Marino":{"exemplarCity":"Сан-Марино"},"Sarajevo":{"exemplarCity":"Сараєво"},"Simferopol":{"exemplarCity":"Сімферополь"},"Skopje":{"exemplarCity":"Скоп’є"},"Sofia":{"exemplarCity":"Софія"},"Stockholm":{"exemplarCity":"Стокгольм"},"Tallinn":{"exemplarCity":"Таллінн"},"Tirane":{"exemplarCity":"Тирана"},"Uzhgorod":{"exemplarCity":"Ужгород"},"Vaduz":{"exemplarCity":"Вадуц"},"Vatican":{"exemplarCity":"Ватикан"},"Vienna":{"exemplarCity":"Відень"},"Vilnius":{"exemplarCity":"Вільнюс"},"Volgograd":{"exemplarCity":"Волгоград"},"Warsaw":{"exemplarCity":"Варшава"},"Zagreb":{"exemplarCity":"Загреб"},"Zaporozhye":{"exemplarCity":"Запоріжжя"},"Zurich":{"exemplarCity":"Цюрих"}},"Africa":{"Abidjan":{"exemplarCity":"Абіджан"},"Accra":{"exemplarCity":"Аккра"},"Addis_Ababa":{"exemplarCity":"Аддис-Абеба"},"Algiers":{"exemplarCity":"м. Алжир"},"Asmera":{"exemplarCity":"Асмара"},"Bamako":{"exemplarCity":"Бамако"},"Bangui":{"exemplarCity":"Бангі"},"Banjul":{"exemplarCity":"Банжул"},"Bissau":{"exemplarCity":"Бісау"},"Blantyre":{"exemplarCity":"Блантир"},"Brazzaville":{"exemplarCity":"Браззавіль"},"Bujumbura":{"exemplarCity":"Бужумбура"},"Cairo":{"exemplarCity":"Каїр"},"Casablanca":{"exemplarCity":"Касабланка"},"Ceuta":{"exemplarCity":"Сеута"},"Conakry":{"exemplarCity":"Конакрі"},"Dakar":{"exemplarCity":"Дакар"},"Dar_es_Salaam":{"exemplarCity":"Дар-ес-Салам"},"Djibouti":{"exemplarCity":"Джибуті"},"Douala":{"exemplarCity":"Дуала"},"El_Aaiun":{"exemplarCity":"Ель-Аюн"},"Freetown":{"exemplarCity":"Фрітаун"},"Gaborone":{"exemplarCity":"Габороне"},"Harare":{"exemplarCity":"Хараре"},"Johannesburg":{"exemplarCity":"Йоганнесбург"},"Juba":{"exemplarCity":"Джуба"},"Kampala":{"exemplarCity":"Кампала"},"Khartoum":{"exemplarCity":"Хартум"},"Kigali":{"exemplarCity":"Кігалі"},"Kinshasa":{"exemplarCity":"Кіншаса"},"Lagos":{"exemplarCity":"Лагос"},"Libreville":{"exemplarCity":"Лібревіль"},"Lome":{"exemplarCity":"Ломе"},"Luanda":{"exemplarCity":"Луанда"},"Lubumbashi":{"exemplarCity":"Лубумбаші"},"Lusaka":{"exemplarCity":"Лусака"},"Malabo":{"exemplarCity":"Малабо"},"Maputo":{"exemplarCity":"Мапуту"},"Maseru":{"exemplarCity":"Масеру"},"Mbabane":{"exemplarCity":"Мбабане"},"Mogadishu":{"exemplarCity":"Могадишо"},"Monrovia":{"exemplarCity":"Монровія"},"Nairobi":{"exemplarCity":"Найробі"},"Ndjamena":{"exemplarCity":"Нджамена"},"Niamey":{"exemplarCity":"Ніамей"},"Nouakchott":{"exemplarCity":"Нуакшот"},"Ouagadougou":{"exemplarCity":"Уагадугу"},"Porto-Novo":{"exemplarCity":"Порто-Ново"},"Sao_Tome":{"exemplarCity":"Сан-Томе і Принсіпі"},"Tripoli":{"exemplarCity":"Триполі"},"Tunis":{"exemplarCity":"м. Туніс"},"Windhoek":{"exemplarCity":"Віндгук"}},"Asia":{"Aden":{"exemplarCity":"Аден"},"Almaty":{"exemplarCity":"Алмати"},"Amman":{"exemplarCity":"Амман"},"Anadyr":{"exemplarCity":"Анадир"},"Aqtau":{"exemplarCity":"Актау"},"Aqtobe":{"exemplarCity":"Актобе"},"Ashgabat":{"exemplarCity":"Ашгабат"},"Baghdad":{"exemplarCity":"Багдад"},"Bahrain":{"exemplarCity":"Бахрейн"},"Baku":{"exemplarCity":"Баку"},"Bangkok":{"exemplarCity":"Бангкок"},"Beirut":{"exemplarCity":"Бейрут"},"Bishkek":{"exemplarCity":"Бішкек"},"Brunei":{"exemplarCity":"Бруней"},"Calcutta":{"exemplarCity":"Колката"},"Chita":{"exemplarCity":"Chita"},"Choibalsan":{"exemplarCity":"Чойбалсан"},"Chongqing":{"exemplarCity":"Чунцін"},"Colombo":{"exemplarCity":"Коломбо"},"Damascus":{"exemplarCity":"Дамаск"},"Dhaka":{"exemplarCity":"Дакка"},"Dili":{"exemplarCity":"Ділі"},"Dubai":{"exemplarCity":"Дубаї"},"Dushanbe":{"exemplarCity":"Душанбе"},"Gaza":{"exemplarCity":"Газа"},"Harbin":{"exemplarCity":"Харбін"},"Hebron":{"exemplarCity":"Хеврон"},"Hong_Kong":{"exemplarCity":"Гонконг"},"Hovd":{"exemplarCity":"Ховд"},"Irkutsk":{"exemplarCity":"Іркутськ"},"Jakarta":{"exemplarCity":"Джакарта"},"Jayapura":{"exemplarCity":"Джайпур"},"Jerusalem":{"exemplarCity":"Єрусалим"},"Kabul":{"exemplarCity":"Кабул"},"Kamchatka":{"exemplarCity":"Камчатка"},"Karachi":{"exemplarCity":"Карачі"},"Kashgar":{"exemplarCity":"Кашгар"},"Katmandu":{"exemplarCity":"Катманду"},"Khandyga":{"exemplarCity":"Хандига"},"Krasnoyarsk":{"exemplarCity":"Красноярськ"},"Kuala_Lumpur":{"exemplarCity":"Куала-Лумпур"},"Kuching":{"exemplarCity":"Кучінг"},"Kuwait":{"exemplarCity":"Кувейт"},"Macau":{"exemplarCity":"Макао"},"Magadan":{"exemplarCity":"Магадан"},"Makassar":{"exemplarCity":"Макассар"},"Manila":{"exemplarCity":"Маніла"},"Muscat":{"exemplarCity":"Маскат"},"Nicosia":{"exemplarCity":"Нікосія"},"Novokuznetsk":{"exemplarCity":"Новокузнецьк"},"Novosibirsk":{"exemplarCity":"Новосибірськ"},"Omsk":{"exemplarCity":"Омськ"},"Oral":{"exemplarCity":"Орал"},"Phnom_Penh":{"exemplarCity":"Пномпень"},"Pontianak":{"exemplarCity":"Понтіанак"},"Pyongyang":{"exemplarCity":"Пхеньян"},"Qatar":{"exemplarCity":"Катар"},"Qyzylorda":{"exemplarCity":"Кизилорда"},"Rangoon":{"exemplarCity":"Янгон"},"Riyadh":{"exemplarCity":"Ер-Ріяд"},"Saigon":{"exemplarCity":"Хошимін"},"Sakhalin":{"exemplarCity":"Сахалін"},"Samarkand":{"exemplarCity":"Самарканд"},"Seoul":{"exemplarCity":"Сеул"},"Shanghai":{"exemplarCity":"Шанхай"},"Singapore":{"exemplarCity":"Сінгапур"},"Srednekolymsk":{"exemplarCity":"Srednekolymsk"},"Taipei":{"exemplarCity":"Тайбей"},"Tashkent":{"exemplarCity":"Ташкент"},"Tbilisi":{"exemplarCity":"Тбілісі"},"Tehran":{"exemplarCity":"Тегеран"},"Thimphu":{"exemplarCity":"Тхімпху"},"Tokyo":{"exemplarCity":"Токіо"},"Ulaanbaatar":{"exemplarCity":"Улан-Батор"},"Urumqi":{"exemplarCity":"Урумчі"},"Ust-Nera":{"exemplarCity":"Усть-Нера"},"Vientiane":{"exemplarCity":"В’єнтьян"},"Vladivostok":{"exemplarCity":"Владивосток"},"Yakutsk":{"exemplarCity":"Якутськ"},"Yekaterinburg":{"exemplarCity":"Єкатеринбург"},"Yerevan":{"exemplarCity":"Єреван"}},"Indian":{"Antananarivo":{"exemplarCity":"Антананаріву"},"Chagos":{"exemplarCity":"Чагос"},"Christmas":{"exemplarCity":"Острів Різдва"},"Cocos":{"exemplarCity":"Кокосові острови"},"Comoro":{"exemplarCity":"Коморські острови"},"Kerguelen":{"exemplarCity":"Кергелен"},"Mahe":{"exemplarCity":"Махе"},"Maldives":{"exemplarCity":"Мальдіви"},"Mauritius":{"exemplarCity":"Маврикій"},"Mayotte":{"exemplarCity":"Майотта"},"Reunion":{"exemplarCity":"Реюньйон"}},"Australia":{"Adelaide":{"exemplarCity":"Аделаїда"},"Brisbane":{"exemplarCity":"Брісбен"},"Broken_Hill":{"exemplarCity":"Брокен-Хілл"},"Currie":{"exemplarCity":"Каррі"},"Darwin":{"exemplarCity":"Дарвін"},"Eucla":{"exemplarCity":"Евкла"},"Hobart":{"exemplarCity":"Гобарт"},"Lindeman":{"exemplarCity":"Ліндеман"},"Lord_Howe":{"exemplarCity":"Лорд-Хау"},"Melbourne":{"exemplarCity":"Мельбурн"},"Perth":{"exemplarCity":"Перт"},"Sydney":{"exemplarCity":"Сідней"}},"Pacific":{"Apia":{"exemplarCity":"Апіа"},"Auckland":{"exemplarCity":"Окленд"},"Chatham":{"exemplarCity":"Чатем"},"Easter":{"exemplarCity":"Острів Пасхи"},"Efate":{"exemplarCity":"Ефате"},"Enderbury":{"exemplarCity":"Ендербері"},"Fakaofo":{"exemplarCity":"Факаофо"},"Fiji":{"exemplarCity":"Фіджі"},"Funafuti":{"exemplarCity":"Фунафуті"},"Galapagos":{"exemplarCity":"Галапагоські острови"},"Gambier":{"exemplarCity":"Гамбер"},"Guadalcanal":{"exemplarCity":"Гвадалканал"},"Guam":{"exemplarCity":"Гуам"},"Honolulu":{"exemplarCity":"Гонолулу"},"Johnston":{"exemplarCity":"Джонстон"},"Kiritimati":{"exemplarCity":"Кірітіматі"},"Kosrae":{"exemplarCity":"Косрае"},"Kwajalein":{"exemplarCity":"Кваджалейн"},"Majuro":{"exemplarCity":"Маджуро"},"Marquesas":{"exemplarCity":"Маркізькі острови"},"Midway":{"exemplarCity":"Мідвей"},"Nauru":{"exemplarCity":"Науру"},"Niue":{"exemplarCity":"Ніуе"},"Norfolk":{"exemplarCity":"Норфолк"},"Noumea":{"exemplarCity":"Нумеа"},"Pago_Pago":{"exemplarCity":"Паго-Паго"},"Palau":{"exemplarCity":"Палау"},"Pitcairn":{"exemplarCity":"Піткерн"},"Ponape":{"exemplarCity":"Понапе"},"Port_Moresby":{"exemplarCity":"Порт-Морсбі"},"Rarotonga":{"exemplarCity":"Раротонга"},"Saipan":{"exemplarCity":"Сайпан"},"Tahiti":{"exemplarCity":"Таїті"},"Tarawa":{"exemplarCity":"Тарава"},"Tongatapu":{"exemplarCity":"Тонгатапу"},"Truk":{"exemplarCity":"Трук"},"Wake":{"exemplarCity":"Вейк"},"Wallis":{"exemplarCity":"Волліс"}},"Arctic":{"Longyearbyen":{"exemplarCity":"Лонг’їр"}},"Antarctica":{"Casey":{"exemplarCity":"Кейсі"},"Davis":{"exemplarCity":"Девіс"},"DumontDUrville":{"exemplarCity":"Дюмон-дʼЮрвіль"},"Macquarie":{"exemplarCity":"Маккуорі"},"Mawson":{"exemplarCity":"Моусон"},"McMurdo":{"exemplarCity":"Мак-Мердо"},"Palmer":{"exemplarCity":"Палмер"},"Rothera":{"exemplarCity":"Ротера"},"Syowa":{"exemplarCity":"Сьова"},"Troll":{"exemplarCity":"Тролл"},"Vostok":{"exemplarCity":"Восток"}},"Etc":{"GMT":{"exemplarCity":"GMT"},"GMT1":{"exemplarCity":"GMT+1"},"GMT10":{"exemplarCity":"GMT+10"},"GMT11":{"exemplarCity":"GMT+11"},"GMT12":{"exemplarCity":"GMT+12"},"GMT2":{"exemplarCity":"GMT+2"},"GMT3":{"exemplarCity":"GMT+3"},"GMT4":{"exemplarCity":"GMT+4"},"GMT5":{"exemplarCity":"GMT+5"},"GMT6":{"exemplarCity":"GMT+6"},"GMT7":{"exemplarCity":"GMT+7"},"GMT8":{"exemplarCity":"GMT+8"},"GMT9":{"exemplarCity":"GMT+9"},"GMT-1":{"exemplarCity":"GMT-1"},"GMT-10":{"exemplarCity":"GMT-10"},"GMT-11":{"exemplarCity":"GMT-11"},"GMT-12":{"exemplarCity":"GMT-12"},"GMT-13":{"exemplarCity":"GMT-13"},"GMT-14":{"exemplarCity":"GMT-14"},"GMT-2":{"exemplarCity":"GMT-2"},"GMT-3":{"exemplarCity":"GMT-3"},"GMT-4":{"exemplarCity":"GMT-4"},"GMT-5":{"exemplarCity":"GMT-5"},"GMT-6":{"exemplarCity":"GMT-6"},"GMT-7":{"exemplarCity":"GMT-7"},"GMT-8":{"exemplarCity":"GMT-8"},"GMT-9":{"exemplarCity":"GMT-9"},"Unknown":{"exemplarCity":"Невідоме місто"}}},"metazone":{"Acre":{"long":{"generic":"Час: Акрі","standard":"Час: Акрі, стандартний","daylight":"Час: Акрі, літній"}},"Afghanistan":{"long":{"standard":"за часом в Афганістані"}},"Africa_Central":{"long":{"standard":"за центральноафриканським часом"}},"Africa_Eastern":{"long":{"standard":"за східноафриканським часом"}},"Africa_Southern":{"long":{"standard":"за південноафриканським часом"}},"Africa_Western":{"long":{"generic":"за західноафриканським часом","standard":"за західноафриканським стандартним часом","daylight":"за західноафриканським літнім часом"}},"Alaska":{"long":{"generic":"за часом на Алясці","standard":"за стандартним часом на Алясці","daylight":"за літнім часом на Алясці"}},"Amazon":{"long":{"generic":"за часом на Амазонці","standard":"за стандартним часом на Амазонці","daylight":"за літнім часом на Амазонці"}},"America_Central":{"long":{"generic":"за північноамериканським центральним часом","standard":"за північноамериканським центральним стандартним часом","daylight":"за північноамериканським центральним літнім часом"}},"America_Eastern":{"long":{"generic":"за північноамериканським східним часом","standard":"за північноамериканським східним стандартним часом","daylight":"за північноамериканським східним літнім часом"}},"America_Mountain":{"long":{"generic":"за північноамериканським гірським часом","standard":"за північноамериканським гірським стандартним часом","daylight":"за північноамериканським гірським літнім часом"}},"America_Pacific":{"long":{"generic":"за північноамериканським тихоокеанським часом","standard":"за північноамериканським тихоокеанським стандартним часом","daylight":"за північноамериканським тихоокеанським літнім часом"}},"Anadyr":{"long":{"generic":"Час: Анадир","standard":"Час: Анадир, стандартний","daylight":"Час: Анадир, літній"}},"Apia":{"long":{"generic":"за часом в Апіа","standard":"за стандартним часом в Апіа","daylight":"за літнім часом в Апіа"}},"Arabian":{"long":{"generic":"за арабським часом","standard":"за арабським стандартним часом","daylight":"за арабським літнім часом"}},"Argentina":{"long":{"generic":"за аргентинським часом","standard":"за стандартним аргентинським часом","daylight":"за літнім аргентинським часом"}},"Argentina_Western":{"long":{"generic":"за західноаргентинським часом","standard":"за стандартним західноаргентинським часом","daylight":"за літнім за західноаргентинським часом"}},"Armenia":{"long":{"generic":"за вірменським часом","standard":"за вірменським стандартним часом","daylight":"за вірменським літнім часом"}},"Atlantic":{"long":{"generic":"за атлантичним часом","standard":"за атлантичним стандартним часом","daylight":"за атлантичним літнім часом"}},"Australia_Central":{"long":{"generic":"за центральноавстралійським часом","standard":"за стандартним центральноавстралійським часом","daylight":"за літнім центральноавстралійським часом"}},"Australia_CentralWestern":{"long":{"generic":"за центральнозахідним австралійським часом","standard":"за стандартним центральнозахідним австралійським часом","daylight":"за літнім центральнозахідним австралійським часом"}},"Australia_Eastern":{"long":{"generic":"за східноавстралійським часом","standard":"за стандартним східноавстралійським часом","daylight":"за літнім східноавстралійським часом"}},"Australia_Western":{"long":{"generic":"за західноавстралійським часом","standard":"за стандартним західноавстралійським часом","daylight":"за літнім західноавстралійським часом"}},"Azerbaijan":{"long":{"generic":"за часом в Азербайджані","standard":"за стандартним часом в Азербайджані","daylight":"за літнім часом в Азербайджані"}},"Azores":{"long":{"generic":"за часом на Азорських островах","standard":"за стандартним часом на Азорських островах","daylight":"за літнім часом на Азорських островах"}},"Bangladesh":{"long":{"generic":"за часом у Бангладеш","standard":"за стандартним часом у Бангладеш","daylight":"за літнім часом у Бангладеш"}},"Bhutan":{"long":{"standard":"за часом у Бутані"}},"Bolivia":{"long":{"standard":"за часом у Болівії"}},"Brasilia":{"long":{"generic":"за бразильським часом","standard":"за стандартним бразильським часом","daylight":"за літнім бразильським часом"}},"Brunei":{"long":{"standard":"за часом у Брунеї"}},"Cape_Verde":{"long":{"generic":"за часом на островах Кабо-Верде","standard":"за стандартним часом на островах Кабо-Верде","daylight":"за літнім часом на островах Кабо-Верде"}},"Chamorro":{"long":{"standard":"за часом на Північних Маріанських островах"}},"Chatham":{"long":{"generic":"за часом на архіпелазі Чатем","standard":"за стандартним часом на архіпелазі Чатем","daylight":"за літнім часом на архіпелазі Чатем"}},"Chile":{"long":{"generic":"за чилійським часом","standard":"за стандартним чилійським часом","daylight":"за літнім чилійським часом"}},"China":{"long":{"generic":"за китайським часом","standard":"за китайським стандартним часом","daylight":"за китайським літнім часом"}},"Choibalsan":{"long":{"generic":"за часом у Чойбалсан","standard":"за стандартним часом у Чойбалсан","daylight":"за літнім часом у Чойбалсан"}},"Christmas":{"long":{"standard":"за часом на острові Різдва"}},"Cocos":{"long":{"standard":"за часом на Кокосових островах"}},"Colombia":{"long":{"generic":"за колумбійським часом","standard":"за стандартним колумбійським часом","daylight":"за літнім колумбійським часом"}},"Cook":{"long":{"generic":"за часом на островах Кука","standard":"за стандартним часом на островах Кука","daylight":"за літнім часом на островах Кука"}},"Cuba":{"long":{"generic":"за часом на Кубі","standard":"за стандартним часом на Кубі","daylight":"за літнім часом на Кубі"}},"Davis":{"long":{"standard":"за часом у Девіс"}},"DumontDUrville":{"long":{"standard":"за часом у Дюмон д’Юрвіль"}},"East_Timor":{"long":{"standard":"за часом у Східному Тиморі"}},"Easter":{"long":{"generic":"за часом на острові Пасхи","standard":"за стандартним часом на острові Пасхи","daylight":"за літнім часом на острові Пасхи"}},"Ecuador":{"long":{"standard":"за часом в Еквадорі"}},"Europe_Central":{"long":{"generic":"за центральноєвропейським часом","standard":"за центральноєвропейським стандартним часом","daylight":"за центральноєвропейським літнім часом"}},"Europe_Eastern":{"long":{"generic":"за східноєвропейським часом","standard":"за східноєвропейським стандартним часом","daylight":"за східноєвропейським літнім часом"}},"Europe_Further_Eastern":{"long":{"standard":"за далекосхідним європейським часом"}},"Europe_Western":{"long":{"generic":"за західноєвропейським часом","standard":"за західноєвропейським стандартним часом","daylight":"за західноєвропейським літнім часом"}},"Falkland":{"long":{"generic":"за часом на Фолклендських островах","standard":"за стандартним часом на Фолклендських островах","daylight":"за літнім часом на Фолклендських островах"}},"Fiji":{"long":{"generic":"за часом на островах Фіджі","standard":"за стандартним часом на островах Фіджі","daylight":"за літнім часом на островах Фіджі"}},"French_Guiana":{"long":{"standard":"за часом Французької Гвіани"}},"French_Southern":{"long":{"standard":"за часом на Французьких Південних і Антарктичних територіях"}},"GMT":{"long":{"standard":"за Гринвічем"}},"Galapagos":{"long":{"standard":"за часом на Галапагоських островах"}},"Gambier":{"long":{"standard":"за часом на острові Гамб’є"}},"Georgia":{"long":{"generic":"за часом у Грузії","standard":"за стандартним часом у Грузії","daylight":"за літнім часом у Грузії"}},"Gilbert_Islands":{"long":{"standard":"за часом на островах Гілберта"}},"Greenland_Eastern":{"long":{"generic":"за східним часом у Гренландії","standard":"за стандартним східним часом у Гренландії","daylight":"за літнім східним часом у Гренландії"}},"Greenland_Western":{"long":{"generic":"за західним часом у Гренландії","standard":"за стандартним західним часом у Гренландії","daylight":"за літнім західним часом у Гренландії"}},"Guam":{"long":{"standard":"за часом на острові Гуам"}},"Gulf":{"long":{"standard":"за часом Перської затоки"}},"Guyana":{"long":{"standard":"за часом у Гаяні"}},"Hawaii_Aleutian":{"long":{"generic":"за гавайсько-алеутським часом","standard":"за стандартним гавайсько-алеутським часом","daylight":"за літнім гавайсько-алеутським часом"}},"Hong_Kong":{"long":{"generic":"за часом у Гонконзі","standard":"за стандартним часом у Гонконзі","daylight":"за літнім часом у Гонконзі"}},"Hovd":{"long":{"generic":"за часом у Ховді","standard":"за стандартним часом у Ховді","daylight":"за літнім часом у Ховді"}},"India":{"long":{"standard":"за індійським стандартним часом"}},"Indian_Ocean":{"long":{"standard":"за часом в Індійському Океані"}},"Indochina":{"long":{"standard":"за часом в Індокитаї"}},"Indonesia_Central":{"long":{"standard":"за центральноіндонезійським часом"}},"Indonesia_Eastern":{"long":{"standard":"за східноіндонезійським часом"}},"Indonesia_Western":{"long":{"standard":"за західноіндонезійським часом"}},"Iran":{"long":{"generic":"за іранським часом","standard":"за іранським стандартним часом","daylight":"за іранським літнім часом"}},"Irkutsk":{"long":{"generic":"за іркутським часом","standard":"за іркутським стандартним часом","daylight":"за іркутським літнім часом"}},"Israel":{"long":{"generic":"за ізраїльським часом","standard":"за ізраїльським стандартним часом","daylight":"за ізраїльським літнім часом"}},"Japan":{"long":{"generic":"за японським часом","standard":"за японським стандартним часом","daylight":"за японським літнім часом"}},"Kamchatka":{"long":{"generic":"за камчатським часом","standard":"за камчатським стандартним часом","daylight":"за камчатським літнім часом"}},"Kazakhstan_Eastern":{"long":{"standard":"за східним часом у Казахстані"}},"Kazakhstan_Western":{"long":{"standard":"за західним часом у Казахстані"}},"Korea":{"long":{"generic":"за корейським часом","standard":"за корейським стандартним часом","daylight":"за корейським літнім часом"}},"Kosrae":{"long":{"standard":"за часом на острові Косрае"}},"Krasnoyarsk":{"long":{"generic":"за красноярським часом","standard":"за красноярським стандартним часом","daylight":"за красноярським літнім часом"}},"Kyrgystan":{"long":{"standard":"за часом у Киргизстані"}},"Lanka":{"long":{"standard":"Час: Ланка"}},"Line_Islands":{"long":{"standard":"за часом на острові Лайн"}},"Lord_Howe":{"long":{"generic":"за часом на острові Лорд-Хау","standard":"за стандартним часом на острові Лорд-Хау","daylight":"за літнім часом на острові Лорд-Хау"}},"Macquarie":{"long":{"standard":"за часом на острові Маккуорі"}},"Magadan":{"long":{"generic":"за магаданським часом","standard":"за магаданським стандартним часом","daylight":"за магаданським літнім часом"}},"Malaysia":{"long":{"standard":"за часом у Малайзії"}},"Maldives":{"long":{"standard":"за часом на Мальдівах"}},"Marquesas":{"long":{"standard":"за часом на Маркізьких островах"}},"Marshall_Islands":{"long":{"standard":"за часом на Маршалових Островах"}},"Mauritius":{"long":{"generic":"за часом на острові Маврикій","standard":"за стандартним часом на острові Маврикій","daylight":"за літнім часом на острові Маврикій"}},"Mawson":{"long":{"standard":"за часом на станції Моусон"}},"Mexico_Northwest":{"long":{"generic":"за північнозахідним часом у Мексиці","standard":"за стандартним північнозахідним часом у Мексиці","daylight":"за літнім північнозахідним часом у Мексиці"}},"Mexico_Pacific":{"long":{"generic":"за тихоокеанським часом у Мексиці","standard":"за стандартним тихоокеанським часом у Мексиці","daylight":"за літнім тихоокеанським часом у Мексиці"}},"Mongolia":{"long":{"generic":"за часом в Улан-Баторі","standard":"за стандартним часом в Улан-Баторі","daylight":"за літнім часом в Улан-Баторі"}},"Moscow":{"long":{"generic":"за московським часом","standard":"за московським стандартним часом","daylight":"за московським літнім часом"}},"Myanmar":{"long":{"standard":"за часом у М’янмі"}},"Nauru":{"long":{"standard":"за часом на острові Науру"}},"Nepal":{"long":{"standard":"за часом у Непалі"}},"New_Caledonia":{"long":{"generic":"за часом на островах Нової Каледонії","standard":"за стандартним часом на островах Нової Каледонії","daylight":"за літнім часом на островах Нової Каледонії"}},"New_Zealand":{"long":{"generic":"за часом у Новій Зеландії","standard":"за стандартним часом у Новій Зеландії","daylight":"за літнім часом у Новій Зеландії"}},"Newfoundland":{"long":{"generic":"за часом у Ньюфаундленд","standard":"за стандартним часом у Ньюфаундленд","daylight":"за літнім часом у Ньюфаундленд"}},"Niue":{"long":{"standard":"за часом на острові Ніуе"}},"Norfolk":{"long":{"standard":"за часом на острові Норфолк"}},"Noronha":{"long":{"generic":"за часом на архіпелазі Фернанду-ді-Норонья","standard":"за стандартним часом на архіпелазі Фернанду-ді-Норонья","daylight":"за літнім часом на архіпелазі Фернанду-ді-Норонья"}},"Novosibirsk":{"long":{"generic":"за новосибірським часом","standard":"за новосибірським стандартним часом","daylight":"за новосибірським літнім часом"}},"Omsk":{"long":{"generic":"за омським часом","standard":"за омським стандартним часом","daylight":"за омським літнім часом"}},"Pakistan":{"long":{"generic":"за часом у Пакистані","standard":"за стандартним часом у Пакистані","daylight":"за літнім часом у Пакистані"}},"Palau":{"long":{"standard":"за часом на острові Палау"}},"Papua_New_Guinea":{"long":{"standard":"за часом на островах Папуа Нова Гвінея"}},"Paraguay":{"long":{"generic":"за парагвайським часом","standard":"за стандартним парагвайським часом","daylight":"за літнім парагвайським часом"}},"Peru":{"long":{"generic":"за часом у Перу","standard":"за стандартним часом у Перу","daylight":"за літнім часом у Перу"}},"Philippines":{"long":{"generic":"за часом на Філіппінах","standard":"за стандартним часом на Філіппінах","daylight":"за літнім часом на Філіппінах"}},"Phoenix_Islands":{"long":{"standard":"за часом на островах Фенікс"}},"Pierre_Miquelon":{"long":{"generic":"за часом на островах Сен-П’єр і Мікелон","standard":"за стандартним часом на островах Сен-П’єр і Мікелон","daylight":"за літнім часом на островах Сен-П’єр і Мікелон"}},"Pitcairn":{"long":{"standard":"за часом на островах Піткерн"}},"Ponape":{"long":{"standard":"за часом на острові Понапе"}},"Qyzylorda":{"long":{"generic":"Час: Кизилорда","standard":"Час: Кизилорда, стандартний","daylight":"Час: Кизилорда, літній"}},"Reunion":{"long":{"standard":"за часом на острові Реюньйон"}},"Rothera":{"long":{"standard":"за часом на станції Ротера"}},"Sakhalin":{"long":{"generic":"за сахалінським часом","standard":"за сахалінським стандартним часом","daylight":"за сахалінським літнім часом"}},"Samara":{"long":{"generic":"за самарським часом","standard":"за самарським стандартним часом","daylight":"за самарським літнім часом"}},"Samoa":{"long":{"generic":"за часом на острові Самоа","standard":"за стандартним часом на острові Самоа","daylight":"за літнім часом на острові Самоа"}},"Seychelles":{"long":{"standard":"за часом на Сейшельських Островах"}},"Singapore":{"long":{"standard":"за часом у Сінгапурі"}},"Solomon":{"long":{"standard":"за часом на Соломонових островах"}},"South_Georgia":{"long":{"standard":"за часом на острові Південна Джорджія"}},"Suriname":{"long":{"standard":"за часом у Суринамі"}},"Syowa":{"long":{"standard":"за часом на станції Сева"}},"Tahiti":{"long":{"standard":"за часом на острові Таїті"}},"Taipei":{"long":{"generic":"за часом у Тайбеї","standard":"за стандартним часом у Тайбеї","daylight":"за літнім часом у Тайбеї"}},"Tajikistan":{"long":{"standard":"за часом у Таджикистані"}},"Tokelau":{"long":{"standard":"за часом на островах Токелау"}},"Tonga":{"long":{"generic":"за часом на островах Тонга","standard":"за стандартним часом на островах Тонга","daylight":"за літнім часом на островах Тонга"}},"Truk":{"long":{"standard":"за часом на островах Чуук"}},"Turkmenistan":{"long":{"generic":"за часом у Туркменістані","standard":"за стандартним часом у Туркменістані","daylight":"за літнім часом у Туркменістані"}},"Tuvalu":{"long":{"standard":"за часом на островах Тувалу"}},"Uruguay":{"long":{"generic":"за часом в Уругваї","standard":"за стандартним часом в Уругваї","daylight":"за літнім часом в Уругваї"}},"Uzbekistan":{"long":{"generic":"за часом в Узбекистані","standard":"за стандартним часом в Узбекистані","daylight":"за літнім часом в Узбекистані"}},"Vanuatu":{"long":{"generic":"за часом на островах Вануату","standard":"за стандартним часом на островах Вануату","daylight":"за літнім часом на островах Вануату"}},"Venezuela":{"long":{"standard":"за часом у Венесуелі"}},"Vladivostok":{"long":{"generic":"за владивостоцьким часом","standard":"за владивостоцьким стандартним часом","daylight":"за владивостоцьким літнім часом"}},"Volgograd":{"long":{"generic":"за волгоградським часом","standard":"за волгоградським стандартним часом","daylight":"за волгоградським літнім часом"}},"Vostok":{"long":{"standard":"за часом на станції Восток"}},"Wake":{"long":{"standard":"за часом на острові Вейк"}},"Wallis":{"long":{"standard":"за часом на островах Волліс і Футуна"}},"Yakutsk":{"long":{"generic":"за якутським часом","standard":"за якутським стандартним часом","daylight":"за якутським літнім часом"}},"Yekaterinburg":{"long":{"generic":"за єкатеринбурзьким часом","standard":"за єкатеринбурзьким стандартним часом","daylight":"за єкатеринбурзьким літнім часом"}}}}