{"era":{"displayName":"Ера"},"year":{"displayName":"Рік","relative-type--1":"торік","relative-type-0":"цього року","relative-type-1":"наступного року","relativeTime-type-future":{"relativeTimePattern-count-one":"через {0} рік","relativeTimePattern-count-few":"через {0} роки","relativeTimePattern-count-many":"через {0} років","relativeTimePattern-count-other":"через {0} року"},"relativeTime-type-past":{"relativeTimePattern-count-one":"{0} рік тому","relativeTimePattern-count-few":"{0} роки тому","relativeTimePattern-count-many":"{0} років тому","relativeTimePattern-count-other":"{0} року тому"}},"year-short":{"displayName":"р.","relative-type--1":"торік","relative-type-0":"цього року","relative-type-1":"наступного року","relativeTime-type-future":{"relativeTimePattern-count-one":"через {0} р.","relativeTimePattern-count-few":"через {0} р.","relativeTimePattern-count-many":"через {0} р.","relativeTimePattern-count-other":"через {0} р."},"relativeTime-type-past":{"relativeTimePattern-count-one":"{0} р. тому","relativeTimePattern-count-few":"{0} р. тому","relativeTimePattern-count-many":"{0} р. тому","relativeTimePattern-count-other":"{0} р. тому"}},"year-narrow":{"displayName":"р.","relative-type--1":"торік","relative-type-0":"цього року","relative-type-1":"наступного року","relativeTime-type-future":{"relativeTimePattern-count-one":"+{0} р.","relativeTimePattern-count-few":"+{0} р.","relativeTimePattern-count-many":"+{0} р.","relativeTimePattern-count-other":"+{0} р."},"relativeTime-type-past":{"relativeTimePattern-count-one":"-{0} р.","relativeTimePattern-count-few":"-{0} р.","relativeTimePattern-count-many":"-{0} р.","relativeTimePattern-count-other":"-{0} р."}},"quarter":{"displayName":"Квартал","relative-type--1":"last quarter","relative-type-0":"this quarter","relative-type-1":"next quarter","relativeTime-type-future":{"relativeTimePattern-count-one":"через {0} квартал","relativeTimePattern-count-few":"через {0} квартали","relativeTimePattern-count-many":"через {0} кварталів","relativeTimePattern-count-other":"через {0} кварталу"},"relativeTime-type-past":{"relativeTimePattern-count-one":"{0} квартал тому","relativeTimePattern-count-few":"{0} квартали тому","relativeTimePattern-count-many":"{0} кварталів тому","relativeTimePattern-count-other":"{0} кварталу тому"}},"quarter-short":{"displayName":"кв.","relative-type--1":"last quarter","relative-type-0":"this quarter","relative-type-1":"next quarter","relativeTime-type-future":{"relativeTimePattern-count-one":"через {0} кв.","relativeTimePattern-count-few":"через {0} кв.","relativeTimePattern-count-many":"через {0} кв.","relativeTimePattern-count-other":"через {0} кв."},"relativeTime-type-past":{"relativeTimePattern-count-one":"{0} кв. тому","relativeTimePattern-count-few":"{0} кв. тому","relativeTimePattern-count-many":"{0} кв. тому","relativeTimePattern-count-other":"{0} кв. тому"}},"quarter-narrow":{"displayName":"кв.","relative-type--1":"last quarter","relative-type-0":"this quarter","relative-type-1":"next quarter","relativeTime-type-future":{"relativeTimePattern-count-one":"+{0} кв.","relativeTimePattern-count-few":"+{0} кв.","relativeTimePattern-count-many":"+{0} кв.","relativeTimePattern-count-other":"+{0} кв."},"relativeTime-type-past":{"relativeTimePattern-count-one":"-{0} кв.","relativeTimePattern-count-few":"-{0} кв.","relativeTimePattern-count-many":"-{0} кв.","relativeTimePattern-count-other":"-{0} кв."}},"month":{"displayName":"Місяць","relative-type--1":"минулого місяця","relative-type-0":"цього місяця","relative-type-1":"наступного місяця","relativeTime-type-future":{"relativeTimePattern-count-one":"через {0} місяць","relativeTimePattern-count-few":"через {0} місяці","relativeTimePattern-count-many":"через {0} місяців","relativeTimePattern-count-other":"через {0} місяця"},"relativeTime-type-past":{"relativeTimePattern-count-one":"{0} місяць тому","relativeTimePattern-count-few":"{0} місяці тому","relativeTimePattern-count-many":"{0} місяців тому","relativeTimePattern-count-other":"{0} місяця тому"}},"month-short":{"displayName":"міс.","relative-type--1":"минулого місяця","relative-type-0":"цього місяця","relative-type-1":"наступного місяця","relativeTime-type-future":{"relativeTimePattern-count-one":"через {0} міс.","relativeTimePattern-count-few":"через {0} міс.","relativeTimePattern-count-many":"через {0} міс.","relativeTimePattern-count-other":"через {0} міс."},"relativeTime-type-past":{"relativeTimePattern-count-one":"{0} міс. тому","relativeTimePattern-count-few":"{0} міс. тому","relativeTimePattern-count-many":"{0} міс. тому","relativeTimePattern-count-other":"{0} міс. тому"}},"month-narrow":{"displayName":"міс.","relative-type--1":"минулого місяця","relative-type-0":"цього місяця","relative-type-1":"наступного місяця","relativeTime-type-future":{"relativeTimePattern-count-one":"+{0} міс.","relativeTimePattern-count-few":"+{0} міс.","relativeTimePattern-count-many":"+{0} міс.","relativeTimePattern-count-other":"+{0} міс."},"relativeTime-type-past":{"relativeTimePattern-count-one":"-{0} міс.","relativeTimePattern-count-few":"-{0} міс.","relativeTimePattern-count-many":"-{0} міс.","relativeTimePattern-count-other":"-{0} міс."}},"week":{"displayName":"Тиждень","relative-type--1":"минулого тижня","relative-type-0":"цього тижня","relative-type-1":"наступного тижня","relativeTime-type-future":{"relativeTimePattern-count-one":"через {0} тиждень","relativeTimePattern-count-few":"через {0} тижні","relativeTimePattern-count-many":"через {0} тижнів","relativeTimePattern-count-other":"через {0} тижня"},"relativeTime-type-past":{"relativeTimePattern-count-one":"{0} тиждень тому","relativeTimePattern-count-few":"{0} тижні тому","relativeTimePattern-count-many":"{0} тижнів тому","relativeTimePattern-count-other":"{0} тижня тому"}},"week-short":{"displayName":"тиж.","relative-type--1":"минулого тижня","relative-type-0":"цього тижня","relative-type-1":"наступного тижня","relativeTime-type-future":{"relativeTimePattern-count-one":"через {0} тиж.","relativeTimePattern-count-few":"через {0} тиж.","relativeTimePattern-count-many":"через {0} тиж.","relativeTimePattern-count-other":"через {0} тиж."},"relativeTime-type-past":{"relativeTimePattern-count-one":"{0} тиж. тому","relativeTimePattern-count-few":"{0} тиж. тому","relativeTimePattern-count-many":"{0} тиж. тому","relativeTimePattern-count-other":"{0} тиж. тому"}},"week-narrow":{"displayName":"тиж.","relative-type--1":"минулого тижня","relative-type-0":"цього тижня","relative-type-1":"наступного тижня","relativeTime-type-future":{"relativeTimePattern-count-one":"+{0} тиж.","relativeTimePattern-count-few":"+{0} тиж.","relativeTimePattern-count-many":"+{0} тиж.","relativeTimePattern-count-other":"+{0} тиж."},"relativeTime-type-past":{"relativeTimePattern-count-one":"-{0} тиж.","relativeTimePattern-count-few":"-{0} тиж.","relativeTimePattern-count-many":"-{0} тиж.","relativeTimePattern-count-other":"-{0} тиж."}},"day":{"displayName":"День","relative-type--1":"учора","relative-type--2":"позавчора","relative-type-0":"сьогодні","relative-type-1":"завтра","relative-type-2":"післязавтра","relativeTime-type-future":{"relativeTimePattern-count-one":"через {0} день","relativeTimePattern-count-few":"через {0} дні","relativeTimePattern-count-many":"через {0} днів","relativeTimePattern-count-other":"через {0} дня"},"relativeTime-type-past":{"relativeTimePattern-count-one":"{0} день тому","relativeTimePattern-count-few":"{0} дні тому","relativeTimePattern-count-many":"{0} днів тому","relativeTimePattern-count-other":"{0} дня тому"}},"day-short":{"displayName":"д.","relative-type--1":"учора","relative-type--2":"позавчора","relative-type-0":"сьогодні","relative-type-1":"завтра","relative-type-2":"післязавтра","relativeTime-type-future":{"relativeTimePattern-count-one":"через {0} д.","relativeTimePattern-count-few":"через {0} дн.","relativeTimePattern-count-many":"через {0} дн.","relativeTimePattern-count-other":"через {0} дн."},"relativeTime-type-past":{"relativeTimePattern-count-one":"{0} д. тому","relativeTimePattern-count-few":"{0} дн. тому","relativeTimePattern-count-many":"{0} дн. тому","relativeTimePattern-count-other":"{0} дн. тому"}},"day-narrow":{"displayName":"д.","relative-type--1":"учора","relative-type--2":"позавчора","relative-type-0":"сьогодні","relative-type-1":"завтра","relative-type-2":"післязавтра","relativeTime-type-future":{"relativeTimePattern-count-one":"+{0} день","relativeTimePattern-count-few":"+{0} дн.","relativeTimePattern-count-many":"+{0} дн.","relativeTimePattern-count-other":"+{0} дн."},"relativeTime-type-past":{"relativeTimePattern-count-one":"-{0} день","relativeTimePattern-count-few":"-{0} дн.","relativeTimePattern-count-many":"-{0} дн.","relativeTimePattern-count-other":"-{0} дн."}},"weekday":{"displayName":"День тижня"},"sun":{"relative-type--1":"минулої неділі","relative-type-0":"цієї неділі","relative-type-1":"наступної неділі"},"sun-short":{"relative-type--1":"минулої нд","relative-type-0":"цієї нд","relative-type-1":"наступної нд"},"sun-narrow":{"relative-type--1":"мин. нд","relative-type-0":"цієї нд","relative-type-1":"наст. нд"},"mon":{"relative-type--1":"минулого понеділка","relative-type-0":"цього понеділка","relative-type-1":"наступного понеділка"},"mon-short":{"relative-type--1":"минулого пн","relative-type-0":"цього пн","relative-type-1":"наступного пн"},"mon-narrow":{"relative-type--1":"мин. пн","relative-type-0":"цього пн","relative-type-1":"наст. пн"},"tue":{"relative-type--1":"минулого вівторка","relative-type-0":"цього вівторка","relative-type-1":"наступного вівторка"},"tue-short":{"relative-type--1":"минулого вт","relative-type-0":"цього вт","relative-type-1":"наступного вт"},"tue-narrow":{"relative-type--1":"мин. вт","relative-type-0":"цього вт","relative-type-1":"наст. вт"},"wed":{"relative-type--1":"минулої середи","relative-type-0":"цієї середи","relative-type-1":"наступної середи"},"wed-short":{"relative-type--1":"минулої ср","relative-type-0":"цієї ср","relative-type-1":"наступної ср"},"wed-narrow":{"relative-type--1":"мин. ср","relative-type-0":"цієї ср","relative-type-1":"наст. ср"},"thu":{"relative-type--1":"минулого четверга","relative-type-0":"цього четверга","relative-type-1":"наступного четверга"},"thu-short":{"relative-type--1":"минулого чт","relative-type-0":"цього чт","relative-type-1":"наступного чт"},"thu-narrow":{"relative-type--1":"мин. чт","relative-type-0":"цього чт","relative-type-1":"наст. чт"},"fri":{"relative-type--1":"минулої п’ятниці","relative-type-0":"цієї п’ятниці","relative-type-1":"наступної п’ятниці"},"fri-short":{"relative-type--1":"минулої пт","relative-type-0":"цієї пт","relative-type-1":"наступної пт"},"fri-narrow":{"relative-type--1":"мин. пт","relative-type-0":"цієї пт","relative-type-1":"наст. пт"},"sat":{"relative-type--1":"минулої суботи","relative-type-0":"цієї суботи","relative-type-1":"наступної суботи"},"sat-short":{"relative-type--1":"минулої сб","relative-type-0":"цієї сб","relative-type-1":"наступної сб"},"sat-narrow":{"relative-type--1":"мин. сб","relative-type-0":"цієї сб","relative-type-1":"наст. сб"},"dayperiod":{"displayName":"Частина доби"},"hour":{"displayName":"Година","relativeTime-type-future":{"relativeTimePattern-count-one":"через {0} годину","relativeTimePattern-count-few":"через {0} години","relativeTimePattern-count-many":"через {0} годин","relativeTimePattern-count-other":"через {0} години"},"relativeTime-type-past":{"relativeTimePattern-count-one":"{0} годину тому","relativeTimePattern-count-few":"{0} години тому","relativeTimePattern-count-many":"{0} годин тому","relativeTimePattern-count-other":"{0} години тому"}},"hour-short":{"displayName":"год","relativeTime-type-future":{"relativeTimePattern-count-one":"через {0} год","relativeTimePattern-count-few":"через {0} год","relativeTimePattern-count-many":"через {0} год","relativeTimePattern-count-other":"через {0} год"},"relativeTime-type-past":{"relativeTimePattern-count-one":"{0} год тому","relativeTimePattern-count-few":"{0} год тому","relativeTimePattern-count-many":"{0} год тому","relativeTimePattern-count-other":"{0} год тому"}},"hour-narrow":{"displayName":"год","relativeTime-type-future":{"relativeTimePattern-count-one":"+{0} год","relativeTimePattern-count-few":"+{0} год","relativeTimePattern-count-many":"+{0} год","relativeTimePattern-count-other":"+{0} год"},"relativeTime-type-past":{"relativeTimePattern-count-one":"-{0} год","relativeTimePattern-count-few":"-{0} год","relativeTimePattern-count-many":"-{0} год","relativeTimePattern-count-other":"-{0} год"}},"minute":{"displayName":"Хвилина","relativeTime-type-future":{"relativeTimePattern-count-one":"через {0} хвилину","relativeTimePattern-count-few":"через {0} хвилини","relativeTimePattern-count-many":"через {0} хвилин","relativeTimePattern-count-other":"через {0} хвилини"},"relativeTime-type-past":{"relativeTimePattern-count-one":"{0} хвилину тому","relativeTimePattern-count-few":"{0} хвилини тому","relativeTimePattern-count-many":"{0} хвилин тому","relativeTimePattern-count-other":"{0} хвилини тому"}},"minute-short":{"displayName":"хв","relativeTime-type-future":{"relativeTimePattern-count-one":"через {0} хв","relativeTimePattern-count-few":"через {0} хв","relativeTimePattern-count-many":"через {0} хв","relativeTimePattern-count-other":"через {0} хв"},"relativeTime-type-past":{"relativeTimePattern-count-one":"{0} хв тому","relativeTimePattern-count-few":"{0} хв тому","relativeTimePattern-count-many":"{0} хв тому","relativeTimePattern-count-other":"{0} хв тому"}},"minute-narrow":{"displayName":"хв","relativeTime-type-future":{"relativeTimePattern-count-one":"+{0} хв","relativeTimePattern-count-few":"+{0} хв","relativeTimePattern-count-many":"+{0} хв","relativeTimePattern-count-other":"+{0} хв"},"relativeTime-type-past":{"relativeTimePattern-count-one":"-{0} хв","relativeTimePattern-count-few":"-{0} хв","relativeTimePattern-count-many":"-{0} хв","relativeTimePattern-count-other":"-{0} хв"}},"second":{"displayName":"Секунда","relative-type-0":"зараз","relativeTime-type-future":{"relativeTimePattern-count-one":"через {0} секунду","relativeTimePattern-count-few":"через {0} секунди","relativeTimePattern-count-many":"через {0} секунд","relativeTimePattern-count-other":"через {0} секунди"},"relativeTime-type-past":{"relativeTimePattern-count-one":"{0} секунду тому","relativeTimePattern-count-few":"{0} секунди тому","relativeTimePattern-count-many":"{0} секунд тому","relativeTimePattern-count-other":"{0} секунди тому"}},"second-short":{"displayName":"с","relative-type-0":"зараз","relativeTime-type-future":{"relativeTimePattern-count-one":"через {0} с","relativeTimePattern-count-few":"через {0} с","relativeTimePattern-count-many":"через {0} с","relativeTimePattern-count-other":"через {0} с"},"relativeTime-type-past":{"relativeTimePattern-count-one":"{0} с тому","relativeTimePattern-count-few":"{0} с тому","relativeTimePattern-count-many":"{0} с тому","relativeTimePattern-count-other":"{0} с тому"}},"second-narrow":{"displayName":"с","relative-type-0":"зараз","relativeTime-type-future":{"relativeTimePattern-count-one":"+{0} с","relativeTimePattern-count-few":"+{0} с","relativeTimePattern-count-many":"+{0} с","relativeTimePattern-count-other":"+{0} с"},"relativeTime-type-past":{"relativeTimePattern-count-one":"-{0} с","relativeTimePattern-count-few":"-{0} с","relativeTimePattern-count-many":"-{0} с","relativeTimePattern-count-other":"-{0} с"}},"zone":{"displayName":"Часовий пояс"}}