{"long":{"_compoundPattern":"%1$s por %2$s","acceleration":{"g-force":{"_name":"força g","one":"%1$s força g","other":"%1$s força g"},"meter-per-second-squared":{"_name":"metros por segundo ao quadrado","one":"%1$s metro por segundo ao quadrado","other":"%1$s metros por segundo ao quadrado"}},"angle":{"arc-minute":{"_name":"minutos de arco","one":"%1$s minuto de arco","other":"%1$s minutos de arco"},"arc-second":{"_name":"segundos de arco","one":"%1$s segundo de arco","other":"%1$s segundos de arco"},"degree":{"_name":"graus","one":"%1$s grau","other":"%1$s graus"},"radian":{"_name":"radianos","one":"%1$s radiano","other":"%1$s radianos"}},"area":{"acre":{"_name":"acres","one":"%1$s acre","other":"%1$s acres"},"hectare":{"_name":"hectares","one":"%1$s hectare","other":"%1$s hectares"},"square-centimeter":{"_name":"centímetros quadrados","one":"%1$s centímetro quadrado","other":"%1$s centímetros quadrados"},"square-foot":{"_name":"pés quadrados","one":"%1$s pé quadrado","other":"%1$s pés quadrados"},"square-inch":{"_name":"polegadas quadradas","one":"%1$s polegada quadrada","other":"%1$s polegadas quadradas"},"square-kilometer":{"_name":"quilômetros quadrados","one":"%1$s quilômetro quadrado","other":"%1$s quilômetros quadrados"},"square-meter":{"_name":"metros quadrados","one":"%1$s metro quadrado","other":"%1$s metros quadrados"},"square-mile":{"_name":"milhas quadradas","one":"%1$s milha quadrada","other":"%1$s milhas quadradas"},"square-yard":{"_name":"jardas quadradas","one":"%1$s jarda quadrada","other":"%1$s jardas quadradas"}},"consumption":{"liter-per-kilometer":{"_name":"litros por quilômetro","one":"%1$s litro por quilômetro","other":"%1$s litros por quilômetro"},"mile-per-gallon":{"_name":"milhas por galão","one":"%1$s milha por galão","other":"%1$s milhas por galão"}},"digital":{"bit":{"_name":"bits","one":"%1$s bit","other":"%1$s bits"},"byte":{"_name":"bytes","one":"%1$s byte","other":"%1$s bytes"},"gigabit":{"_name":"gigabits","one":"%1$s gigabit","other":"%1$s gigabits"},"gigabyte":{"_name":"gigabytes","one":"%1$s gigabyte","other":"%1$s gigabytes"},"kilobit":{"_name":"kilobits","one":"%1$s kilobit","other":"%1$s kilobits"},"kilobyte":{"_name":"kilobytes","one":"%1$s kilobyte","other":"%1$s kilobytes"},"megabit":{"_name":"megabits","one":"%1$s megabit","other":"%1$s megabits"},"megabyte":{"_name":"megabytes","one":"%1$s megabyte","other":"%1$s megabytes"},"terabit":{"_name":"terabits","one":"%1$s terabit","other":"%1$s terabits"},"terabyte":{"_name":"terabytes","one":"%1$s terabyte","other":"%1$s terabytes"}},"duration":{"day":{"_name":"dias","one":"%1$s dia","other":"%1$s dias"},"hour":{"_name":"horas","one":"%1$s hora","other":"%1$s horas","_per":"%1$s por hora"},"microsecond":{"_name":"microssegundos","one":"%1$s microssegundo","other":"%1$s microssegundos"},"millisecond":{"_name":"milissegundos","one":"%1$s milissegundo","other":"%1$s milissegundos"},"minute":{"_name":"minutos","one":"%1$s minuto","other":"%1$s minutos"},"month":{"_name":"meses","one":"%1$s mês","other":"%1$s meses"},"nanosecond":{"_name":"nanossegundos","one":"%1$s nanossegundo","other":"%1$s nanossegundos"},"second":{"_name":"segundos","one":"%1$s segundo","other":"%1$s segundos","_per":"%1$s por segundo"},"week":{"_name":"semanas","one":"%1$s semana","other":"%1$s semanas"},"year":{"_name":"anos","one":"%1$s ano","other":"%1$s anos"}},"electric":{"ampere":{"_name":"amperes","one":"%1$s ampere","other":"%1$s amperes"},"milliampere":{"_name":"miliamperes","one":"%1$s miliampere","other":"%1$s miliamperes"},"ohm":{"_name":"ohms","one":"%1$s ohm","other":"%1$s ohms"},"volt":{"_name":"volts","one":"%1$s volt","other":"%1$s volts"}},"energy":{"calorie":{"_name":"calorias","one":"%1$s caloria","other":"%1$s calorias"},"foodcalorie":{"_name":"Calorias","one":"%1$s Caloria","other":"%1$s Calorias"},"joule":{"_name":"joules","one":"%1$s joule","other":"%1$s joules"},"kilocalorie":{"_name":"quilocalorias","one":"%1$s quilocaloria","other":"%1$s quilocalorias"},"kilojoule":{"_name":"quilojoules","one":"%1$s quilojoule","other":"%1$s quilojoules"},"kilowatt-hour":{"_name":"quilowatts-hora","one":"%1$s quilowatt-hora","other":"%1$s quilowatts-hora"}},"frequency":{"gigahertz":{"_name":"gigahertz","one":"%1$s gigahertz","other":"%1$s gigahertz"},"hertz":{"_name":"hertz","one":"%1$s hertz","other":"%1$s hertz"},"kilohertz":{"_name":"kilohertz","one":"%1$s kilohertz","other":"%1$s kilohertz"},"megahertz":{"_name":"megahertz","one":"%1$s megahertz","other":"%1$s megahertz"}},"length":{"astronomical-unit":{"_name":"unidades astronômicas","one":"%1$s unidade astronômica","other":"%1$s unidades astronômicas"},"centimeter":{"_name":"centímetros","one":"%1$s centímetro","other":"%1$s centímetros"},"decimeter":{"_name":"decímetros","one":"%1$s decímetro","other":"%1$s decímetros"},"fathom":{"_name":"fm","other":"%1$s fm"},"foot":{"_name":"pés","one":"%1$s pé","other":"%1$s pés"},"furlong":{"_name":"fur","other":"%1$s fur"},"inch":{"_name":"polegadas","one":"%1$s polegada","other":"%1$s polegadas"},"kilometer":{"_name":"quilômetros","one":"%1$s quilômetro","other":"%1$s quilômetros"},"light-year":{"_name":"anos-luz","one":"%1$s ano-luz","other":"%1$s anos-luz"},"meter":{"_name":"metros","one":"%1$s metro","other":"%1$s metros"},"micrometer":{"_name":"micrômetros","one":"%1$s micrômetro","other":"%1$s micrômetros"},"mile":{"_name":"milhas","one":"%1$s milha","other":"%1$s milhas"},"millimeter":{"_name":"milímetros","one":"%1$s milímetro","other":"%1$s milímetros"},"nanometer":{"_name":"nanômetros","one":"%1$s nanômetro","other":"%1$s nanômetros"},"nautical-mile":{"_name":"milhas náuticas","one":"%1$s milha náutica","other":"%1$s milhas náuticas"},"parsec":{"_name":"parsecs","one":"%1$s parsec","other":"%1$s parsecs"},"picometer":{"_name":"picômetros","one":"%1$s picômetro","other":"%1$s picômetros"},"yard":{"_name":"jardas","one":"%1$s jarda","other":"%1$s jardas"}},"light":{"lux":{"_name":"lux","one":"%1$s lux","other":"%1$s lux"}},"mass":{"carat":{"_name":"quilates","one":"%1$s quilate","other":"%1$s quilates"},"gram":{"_name":"gramas","one":"%1$s grama","other":"%1$s gramas"},"kilogram":{"_name":"quilogramas","one":"%1$s quilograma","other":"%1$s quilogramas"},"metric-ton":{"_name":"toneladas métricas","one":"%1$s tonelada métrica","other":"%1$s toneladas métricas"},"microgram":{"_name":"microgramas","one":"%1$s micrograma","other":"%1$s microgramas"},"milligram":{"_name":"miligramas","one":"%1$s miligrama","other":"%1$s miligramas"},"ounce":{"_name":"onças","one":"%1$s onça","other":"%1$s onças"},"ounce-troy":{"_name":"onças troy","one":"%1$s onça troy","other":"%1$s onças troy"},"pound":{"_name":"libras","one":"%1$s libra","other":"%1$s libras"},"stone":{"_name":"st","other":"%1$s st"},"ton":{"_name":"toneladas","one":"%1$s tonelada","other":"%1$s toneladas"}},"power":{"gigawatt":{"_name":"gigawatts","one":"%1$s gigawatt","other":"%1$s gigawatts"},"horsepower":{"_name":"cavalos-vapor","one":"%1$s cavalo-vapor","other":"%1$s cavalos-vapor"},"kilowatt":{"_name":"quilowatts","one":"%1$s quilowatt","other":"%1$s quilowatts"},"megawatt":{"_name":"megawatts","one":"%1$s megawatt","other":"%1$s megawatts"},"milliwatt":{"_name":"miliwatts","one":"%1$s miliwatt","other":"%1$s miliwatts"},"watt":{"_name":"watts","one":"%1$s watt","other":"%1$s watts"}},"pressure":{"hectopascal":{"_name":"hectopascais","one":"%1$s hectopascal","other":"%1$s hectopascais"},"inch-hg":{"_name":"polegadas de mercúrio","one":"%1$s polegada de mercúrio","other":"%1$s polegadas de mercúrio"},"millibar":{"_name":"milibares","one":"%1$s milibar","other":"%1$s milibares"},"millimeter-of-mercury":{"_name":"milímetros de mercúrio","one":"%1$s milímetro de mercúrio","other":"%1$s milímetros de mercúrio"},"pound-per-square-inch":{"_name":"psi","one":"%1$s psi","other":"%1$s psi"}},"proportion":{"karat":{"_name":"kilates","one":"%1$s kilate","other":"%1$s kilates"}},"speed":{"kilometer-per-hour":{"_name":"quilômetros por hora","one":"%1$s quilômetro por hora","other":"%1$s quilômetros por hora"},"meter-per-second":{"_name":"metros por segundo","one":"%1$s metro por segundo","other":"%1$s metros por segundo"},"mile-per-hour":{"_name":"milhas por hora","one":"%1$s milha por hora","other":"%1$s milhas por hora"}},"temperature":{"celsius":{"_name":"graus Celsius","one":"%1$s grau Celsius","other":"%1$s graus Celsius"},"fahrenheit":{"_name":"graus Fahrenheit","one":"%1$s grau Fahrenheit","other":"%1$s graus Fahrenheit"},"kelvin":{"_name":"kelvins","one":"%1$s kelvin","other":"%1$s kelvins"}},"volume":{"acre-foot":{"_name":"acre-pés","one":"%1$s acre-pé","other":"%1$s acre-pés"},"bushel":{"_name":"bu","other":"%1$s bu"},"centiliter":{"_name":"centilitros","one":"%1$s centilitro","other":"%1$s centilitros"},"cubic-centimeter":{"_name":"centímetros cúbicos","one":"%1$s centímetro cúbico","other":"%1$s centímetros cúbicos"},"cubic-foot":{"_name":"pés cúbicos","one":"%1$s pé cúbico","other":"%1$s pés cúbicos"},"cubic-inch":{"_name":"polegadas cúbicas","one":"%1$s polegada cúbica","other":"%1$s polegadas cúbicas"},"cubic-kilometer":{"_name":"quilômetros cúbicos","one":"%1$s quilômetro cúbico","other":"%1$s quilômetros cúbicos"},"cubic-meter":{"_name":"metros cúbicos","one":"%1$s metro cúbico","other":"%1$s metros cúbicos"},"cubic-mile":{"_name":"milhas cúbicas","one":"%1$s milha cúbica","other":"%1$s milhas cúbicas"},"cubic-yard":{"_name":"jardas cúbicas","one":"%1$s jarda cúbica","other":"%1$s jardas cúbicas"},"cup":{"_name":"xícaras","one":"%1$s xícara","other":"%1$s xícaras"},"deciliter":{"_name":"decilitros","one":"%1$s decilitro","other":"%1$s decilitros"},"fluid-ounce":{"_name":"onças fluidas","one":"%1$s onça fluida","other":"%1$s onças fluidas"},"gallon":{"_name":"galões","one":"%1$s galão","other":"%1$s galões"},"hectoliter":{"_name":"hectolitros","one":"%1$s hectolitro","other":"%1$s hectolitros"},"liter":{"_name":"litros","one":"%1$s litro","other":"%1$s litros"},"megaliter":{"_name":"megalitros","one":"%1$s megalitro","other":"%1$s megalitros"},"milliliter":{"_name":"mililitros","one":"%1$s mililitro","other":"%1$s mililitros"},"pint":{"_name":"pints","one":"%1$s pint","other":"%1$s pints"},"quart":{"_name":"quartos","one":"%1$s quarto","other":"%1$s quartos"},"tablespoon":{"_name":"colheres de sopa","one":"%1$s colher de sopa","other":"%1$s colheres de sopa"},"teaspoon":{"_name":"colheres de chá","one":"%1$s colher de chá","other":"%1$s colheres de chá"}}},"short":{"_compoundPattern":"%1$s/%2$s","acceleration":{"g-force":{"_name":"força g","one":"%1$s G","other":"%1$s G"},"meter-per-second-squared":{"_name":"metros/seg²","one":"%1$s m/s²","other":"%1$s m/s²"}},"angle":{"arc-minute":{"_name":"arcmins","one":"%1$s arcmin","other":"%1$s arcmins"},"arc-second":{"_name":"arcsegs","one":"%1$s arcseg","other":"%1$s arcsegs"},"degree":{"_name":"graus","one":"%1$s°","other":"%1$s°"},"radian":{"_name":"radianos","one":"%1$s rad","other":"%1$s rad"}},"area":{"acre":{"_name":"acres","one":"%1$s ac","other":"%1$s ac"},"hectare":{"_name":"hectares","one":"%1$s ha","other":"%1$s ha"},"square-centimeter":{"_name":"cm²","one":"%1$s cm²","other":"%1$s cm²"},"square-foot":{"_name":"pés²","one":"%1$s ft²","other":"%1$s ft²"},"square-inch":{"_name":"polegadas²","one":"%1$s pol²","other":"%1$s pol²"},"square-kilometer":{"_name":"km²","one":"%1$s km²","other":"%1$s km²"},"square-meter":{"_name":"metros²","one":"%1$s m²","other":"%1$s m²"},"square-mile":{"_name":"milhas²","one":"%1$s mi²","other":"%1$s mi²"},"square-yard":{"_name":"jardas²","one":"%1$s yd²","other":"%1$s yd²"}},"consumption":{"liter-per-kilometer":{"_name":"litros/km","one":"%1$s l/km","other":"%1$s l/km"},"mile-per-gallon":{"_name":"milhas/gal","one":"%1$s mpg","other":"%1$s mpg"}},"digital":{"bit":{"_name":"bit","one":"%1$s bit","other":"%1$s bit"},"byte":{"_name":"byte","one":"%1$s byte","other":"%1$s byte"},"gigabit":{"_name":"Gbit","one":"%1$s Gb","other":"%1$s Gb"},"gigabyte":{"_name":"GByte","one":"%1$s GB","other":"%1$s GB"},"kilobit":{"_name":"kbit","one":"%1$s kb","other":"%1$s kb"},"kilobyte":{"_name":"kByte","one":"%1$s kB","other":"%1$s kB"},"megabit":{"_name":"Mbit","one":"%1$s Mb","other":"%1$s Mb"},"megabyte":{"_name":"MByte","one":"%1$s MB","other":"%1$s MB"},"terabit":{"_name":"Tbit","one":"%1$s Tb","other":"%1$s Tb"},"terabyte":{"_name":"TByte","one":"%1$s TB","other":"%1$s TB"}},"duration":{"day":{"_name":"dias","one":"%1$s dia","other":"%1$s dias"},"hour":{"_name":"horas","one":"%1$s h","other":"%1$s h","_per":"%1$s/h"},"microsecond":{"_name":"μs","one":"%1$s μs","other":"%1$s μs"},"millisecond":{"_name":"milissegundos","one":"%1$s ms","other":"%1$s ms"},"minute":{"_name":"mins","one":"%1$s min","other":"%1$s min"},"month":{"_name":"meses","one":"%1$s mês","other":"%1$s meses"},"nanosecond":{"_name":"ns","one":"%1$s ns","other":"%1$s ns"},"second":{"_name":"segs","one":"%1$s seg","other":"%1$s seg","_per":"%1$s/s"},"week":{"_name":"semanas","one":"%1$s sem.","other":"%1$s sem."},"year":{"_name":"anos","one":"%1$s ano","other":"%1$s anos"}},"electric":{"ampere":{"_name":"amps","one":"%1$s A","other":"%1$s A"},"milliampere":{"_name":"miliamps","one":"%1$s mA","other":"%1$s mA"},"ohm":{"_name":"ohms","one":"%1$s Ω","other":"%1$s Ω"},"volt":{"_name":"volts","one":"%1$s V","other":"%1$s V"}},"energy":{"calorie":{"_name":"cal","one":"%1$s cal","other":"%1$s cal"},"foodcalorie":{"_name":"Cal","one":"%1$s Cal","other":"%1$s Cal"},"joule":{"_name":"joules","one":"%1$s J","other":"%1$s J"},"kilocalorie":{"_name":"kcal","one":"%1$s kcal","other":"%1$s kcal"},"kilojoule":{"_name":"quilojoule","one":"%1$s kJ","other":"%1$s kJ"},"kilowatt-hour":{"_name":"kW-hora","one":"%1$s kWh","other":"%1$s kWh"}},"frequency":{"gigahertz":{"_name":"GHz","one":"%1$s GHz","other":"%1$s GHz"},"hertz":{"_name":"Hz","one":"%1$s Hz","other":"%1$s Hz"},"kilohertz":{"_name":"kHz","one":"%1$s kHz","other":"%1$s kHz"},"megahertz":{"_name":"MHz","one":"%1$s MHz","other":"%1$s MHz"}},"length":{"astronomical-unit":{"_name":"ua","one":"%1$s ua","other":"%1$s ua"},"centimeter":{"_name":"cm","one":"%1$s cm","other":"%1$s cm"},"decimeter":{"_name":"dm","one":"%1$s dm","other":"%1$s dm"},"fathom":{"_name":"fm","other":"%1$s fm"},"foot":{"_name":"pés","one":"%1$s pé","other":"%1$s pés"},"furlong":{"_name":"fur","other":"%1$s fur"},"inch":{"_name":"pol.","one":"%1$s pol.","other":"%1$s pol."},"kilometer":{"_name":"km","one":"%1$s km","other":"%1$s km"},"light-year":{"_name":"anos-luz","one":"%1$s ano-luz","other":"%1$s anos-luz"},"meter":{"_name":"metros","one":"%1$s m","other":"%1$s m"},"micrometer":{"_name":"µm","one":"%1$s µm","other":"%1$s µm"},"mile":{"_name":"milhas","one":"%1$s mi","other":"%1$s mi"},"millimeter":{"_name":"mm","one":"%1$s mm","other":"%1$s mm"},"nanometer":{"_name":"nm","one":"%1$s nm","other":"%1$s nm"},"nautical-mile":{"_name":"mn","one":"%1$s mn","other":"%1$s mn"},"parsec":{"_name":"parsecs","one":"%1$s pc","other":"%1$s pc"},"picometer":{"_name":"pm","one":"%1$s pm","other":"%1$s pm"},"yard":{"_name":"jardas","one":"%1$s yd","other":"%1$s yd"}},"light":{"lux":{"_name":"lux","one":"%1$s lx","other":"%1$s lx"}},"mass":{"carat":{"_name":"quilates","one":"%1$s ql","other":"%1$s ql"},"gram":{"_name":"gramas","one":"%1$s g","other":"%1$s g"},"kilogram":{"_name":"kg","one":"%1$s kg","other":"%1$s kg"},"metric-ton":{"_name":"t","one":"%1$s t","other":"%1$s t"},"microgram":{"_name":"µg","one":"%1$s µg","other":"%1$s µg"},"milligram":{"_name":"mg","one":"%1$s mg","other":"%1$s mg"},"ounce":{"_name":"oz","one":"%1$s oz","other":"%1$s oz"},"ounce-troy":{"_name":"oz troy","one":"%1$s oz t","other":"%1$s oz t"},"pound":{"_name":"libras","one":"%1$s lb","other":"%1$s lb"},"stone":{"_name":"st","other":"%1$s st"},"ton":{"_name":"toneladas","one":"%1$s tn","other":"%1$s tn"}},"power":{"gigawatt":{"_name":"GW","one":"%1$s GW","other":"%1$s GW"},"horsepower":{"_name":"cv","one":"%1$s cv","other":"%1$s cv"},"kilowatt":{"_name":"kW","one":"%1$s kW","other":"%1$s kW"},"megawatt":{"_name":"MW","one":"%1$s MW","other":"%1$s MW"},"milliwatt":{"_name":"mW","one":"%1$s mW","other":"%1$s mW"},"watt":{"_name":"watts","one":"%1$s W","other":"%1$s W"}},"pressure":{"hectopascal":{"_name":"hPa","one":"%1$s hPa","other":"%1$s hPa"},"inch-hg":{"_name":"pol Hg","one":"%1$s pol Hg","other":"%1$s pol Hg"},"millibar":{"_name":"mbar","one":"%1$s mbar","other":"%1$s mbar"},"millimeter-of-mercury":{"_name":"mm Hg","one":"%1$s mm Hg","other":"%1$s mm Hg"},"pound-per-square-inch":{"_name":"psi","one":"%1$s psi","other":"%1$s psi"}},"proportion":{"karat":{"_name":"kilates","one":"%1$s k","other":"%1$s k"}},"speed":{"kilometer-per-hour":{"_name":"km/h","one":"%1$s km/h","other":"%1$s km/h"},"meter-per-second":{"_name":"metros/seg","one":"%1$s m/s","other":"%1$s m/s"},"mile-per-hour":{"_name":"milhas/hora","one":"%1$s mph","other":"%1$s mph"}},"temperature":{"celsius":{"_name":"graus C","one":"%1$s°C","other":"%1$s°C"},"fahrenheit":{"_name":"graus F","one":"%1$s °F","other":"%1$s °F"},"kelvin":{"_name":"K","one":"%1$s K","other":"%1$s K"}},"volume":{"acre-foot":{"_name":"acre-pés","one":"%1$s acre-pé","other":"%1$s acre-pés"},"bushel":{"_name":"bu","other":"%1$s bu"},"centiliter":{"_name":"cl","one":"%1$s cl","other":"%1$s cl"},"cubic-centimeter":{"_name":"cm³","one":"%1$s cm³","other":"%1$s cm³"},"cubic-foot":{"_name":"pés³","one":"%1$s ft³","other":"%1$s ft³"},"cubic-inch":{"_name":"polegadas³","one":"%1$s pol³","other":"%1$s pol³"},"cubic-kilometer":{"_name":"km³","one":"%1$s km³","other":"%1$s km³"},"cubic-meter":{"_name":"m³","one":"%1$s m³","other":"%1$s m³"},"cubic-mile":{"_name":"mi³","one":"%1$s mi³","other":"%1$s mi³"},"cubic-yard":{"_name":"jardas³","one":"%1$s yd³","other":"%1$s yd³"},"cup":{"_name":"xícaras","one":"%1$s xíc.","other":"%1$s xíc."},"deciliter":{"_name":"dl","one":"%1$s dl","other":"%1$s dl"},"fluid-ounce":{"_name":"fl oz","one":"%1$s fl oz","other":"%1$s fl oz"},"gallon":{"_name":"gal","one":"%1$s gal","other":"%1$s gal"},"hectoliter":{"_name":"hl","one":"%1$s hl","other":"%1$s hl"},"liter":{"_name":"litros","one":"%1$s l","other":"%1$s l"},"megaliter":{"_name":"ML","one":"%1$s ML","other":"%1$s ML"},"milliliter":{"_name":"ml","one":"%1$s ml","other":"%1$s ml"},"pint":{"_name":"pints","one":"%1$s pt","other":"%1$s pt"},"quart":{"_name":"qts","one":"%1$s qt","other":"%1$s qt"},"tablespoon":{"_name":"CS","one":"%1$s CS","other":"%1$s CS"},"teaspoon":{"_name":"cc","one":"%1$s cc","other":"%1$s cc"}}},"narrow":{"_compoundPattern":"%1$s/%2$s","acceleration":{"g-force":{"_name":"força g","one":"%1$s G","other":"%1$s G"},"meter-per-second-squared":{"_name":"metros/seg²","one":"%1$s m/s²","other":"%1$s m/s²"}},"angle":{"arc-minute":{"_name":"arcmins","one":"%1$s'","other":"%1$s'"},"arc-second":{"_name":"arcsegs","one":"%1$s\"","other":"%1$s\""},"degree":{"_name":"graus","one":"%1$s°","other":"%1$s°"},"radian":{"_name":"radianos","one":"%1$s rad","other":"%1$s rad"}},"area":{"acre":{"_name":"acres","one":"%1$s acre","other":"%1$s acres"},"hectare":{"_name":"hectares","one":"%1$s ha","other":"%1$s ha"},"square-centimeter":{"_name":"cm²","one":"%1$s cm²","other":"%1$s cm²"},"square-foot":{"_name":"pés²","one":"%1$s ft²","other":"%1$s ft²"},"square-inch":{"_name":"polegadas²","one":"%1$s pol²","other":"%1$s pol²"},"square-kilometer":{"_name":"km²","one":"%1$s km²","other":"%1$s km²"},"square-meter":{"_name":"metros²","one":"%1$s m²","other":"%1$s m²"},"square-mile":{"_name":"milhas²","one":"%1$s mi²","other":"%1$s mi²"},"square-yard":{"_name":"jardas²","one":"%1$s yd²","other":"%1$s yd²"}},"consumption":{"liter-per-kilometer":{"_name":"litros/km","one":"%1$s l/km","other":"%1$s l/km"},"mile-per-gallon":{"_name":"milhas/gal","one":"%1$s mpg","other":"%1$s mpg"}},"digital":{"bit":{"_name":"bit","one":"%1$s bit","other":"%1$s bit"},"byte":{"_name":"byte","one":"%1$s byte","other":"%1$s byte"},"gigabit":{"_name":"Gbit","one":"%1$s Gb","other":"%1$s Gb"},"gigabyte":{"_name":"GByte","one":"%1$s GB","other":"%1$s GB"},"kilobit":{"_name":"kbit","one":"%1$s kb","other":"%1$s kb"},"kilobyte":{"_name":"kByte","one":"%1$s kB","other":"%1$s kB"},"megabit":{"_name":"Mbit","one":"%1$s Mb","other":"%1$s Mb"},"megabyte":{"_name":"MByte","one":"%1$s MB","other":"%1$s MB"},"terabit":{"_name":"Tbit","one":"%1$s Tb","other":"%1$s Tb"},"terabyte":{"_name":"TByte","one":"%1$s TB","other":"%1$s TB"}},"duration":{"day":{"_name":"dia","one":"%1$s dia","other":"%1$s dias"},"hour":{"_name":"hora","one":"%1$s h","other":"%1$s h","_per":"%1$s/h"},"microsecond":{"_name":"μs","one":"%1$s μs","other":"%1$s μs"},"millisecond":{"_name":"ms","one":"%1$s ms","other":"%1$s ms"},"minute":{"_name":"min","one":"%1$s min","other":"%1$s min"},"month":{"_name":"mês","one":"%1$s mês","other":"%1$s meses"},"nanosecond":{"_name":"ns","one":"%1$s ns","other":"%1$s ns"},"second":{"_name":"seg","one":"%1$s s","other":"%1$s s","_per":"%1$s/s"},"week":{"_name":"sem.","one":"%1$s sem.","other":"%1$s sem."},"year":{"_name":"ano","one":"%1$s ano","other":"%1$s anos"}},"electric":{"ampere":{"_name":"amps","one":"%1$s A","other":"%1$s A"},"milliampere":{"_name":"miliamps","one":"%1$s mA","other":"%1$s mA"},"ohm":{"_name":"ohms","one":"%1$s Ω","other":"%1$s Ω"},"volt":{"_name":"volts","one":"%1$s V","other":"%1$s V"}},"energy":{"calorie":{"_name":"cal","one":"%1$s cal","other":"%1$s cal"},"foodcalorie":{"_name":"Cal","one":"%1$s Cal","other":"%1$s Cal"},"joule":{"_name":"joules","one":"%1$s J","other":"%1$s J"},"kilocalorie":{"_name":"kcal","one":"%1$s kcal","other":"%1$s kcal"},"kilojoule":{"_name":"quilojoule","one":"%1$s kJ","other":"%1$s kJ"},"kilowatt-hour":{"_name":"kW-hora","one":"%1$s kWh","other":"%1$s kWh"}},"frequency":{"gigahertz":{"_name":"GHz","one":"%1$s GHz","other":"%1$s GHz"},"hertz":{"_name":"Hz","one":"%1$s Hz","other":"%1$s Hz"},"kilohertz":{"_name":"kHz","one":"%1$s kHz","other":"%1$s kHz"},"megahertz":{"_name":"MHz","one":"%1$s MHz","other":"%1$s MHz"}},"length":{"astronomical-unit":{"_name":"ua","one":"%1$s ua","other":"%1$s ua"},"centimeter":{"_name":"cm","one":"%1$s cm","other":"%1$s cm"},"decimeter":{"_name":"dm","one":"%1$s dm","other":"%1$s dm"},"fathom":{"_name":"fm","other":"%1$s fm"},"foot":{"_name":"pés","one":"%1$s pé","other":"%1$s pés"},"furlong":{"_name":"fur","other":"%1$s fur"},"inch":{"_name":"pol.","one":"%1$s″","other":"%1$s″"},"kilometer":{"_name":"km","one":"%1$s km","other":"%1$s km"},"light-year":{"_name":"anos-luz","one":"%1$s ano-luz","other":"%1$s anos-luz"},"meter":{"_name":"metro","one":"%1$s m","other":"%1$s m"},"micrometer":{"_name":"µm","one":"%1$s µm","other":"%1$s µm"},"mile":{"_name":"milhas","one":"%1$s milha","other":"%1$s milhas"},"millimeter":{"_name":"mm","one":"%1$s mm","other":"%1$s mm"},"nanometer":{"_name":"nm","one":"%1$s nm","other":"%1$s nm"},"nautical-mile":{"_name":"mn","one":"%1$s mn","other":"%1$s mn"},"parsec":{"_name":"parsecs","one":"%1$s pc","other":"%1$s pc"},"picometer":{"_name":"pm","one":"%1$s pm","other":"%1$s pm"},"yard":{"_name":"jardas","one":"%1$s yd","other":"%1$s yd"}},"light":{"lux":{"_name":"lux","one":"%1$s lx","other":"%1$s lx"}},"mass":{"carat":{"_name":"quilates","one":"%1$s ql","other":"%1$s ql"},"gram":{"_name":"grama","one":"%1$s g","other":"%1$s g"},"kilogram":{"_name":"kg","one":"%1$s kg","other":"%1$s kg"},"metric-ton":{"_name":"t","one":"%1$s t","other":"%1$s t"},"microgram":{"_name":"µg","one":"%1$s µg","other":"%1$s µg"},"milligram":{"_name":"mg","one":"%1$s mg","other":"%1$s mg"},"ounce":{"_name":"oz","one":"%1$s oz","other":"%1$s oz"},"ounce-troy":{"_name":"oz troy","one":"%1$s oz t","other":"%1$s oz t"},"pound":{"_name":"libras","one":"%1$s lb","other":"%1$s lb"},"stone":{"_name":"st","other":"%1$s st"},"ton":{"_name":"toneladas","one":"%1$s tn","other":"%1$s tn"}},"power":{"gigawatt":{"_name":"GW","one":"%1$s GW","other":"%1$s GW"},"horsepower":{"_name":"cv","one":"%1$s cv","other":"%1$s cv"},"kilowatt":{"_name":"kW","one":"%1$s kW","other":"%1$s kW"},"megawatt":{"_name":"MW","one":"%1$s MW","other":"%1$s MW"},"milliwatt":{"_name":"mW","one":"%1$s mW","other":"%1$s mW"},"watt":{"_name":"watts","one":"%1$s W","other":"%1$s W"}},"pressure":{"hectopascal":{"_name":"hPa","one":"%1$s hPa","other":"%1$s hPa"},"inch-hg":{"_name":"pol Hg","one":"%1$s\" Hg","other":"%1$s\" Hg"},"millibar":{"_name":"mbar","one":"%1$s mb","other":"%1$s mb"},"millimeter-of-mercury":{"_name":"mm Hg","one":"%1$s mm Hg","other":"%1$s mm Hg"},"pound-per-square-inch":{"_name":"psi","one":"%1$s psi","other":"%1$s psi"}},"proportion":{"karat":{"_name":"kilates","one":"%1$s k","other":"%1$s k"}},"speed":{"kilometer-per-hour":{"_name":"km/h","one":"%1$s km/h","other":"%1$s km/h"},"meter-per-second":{"_name":"metros/seg","one":"%1$s m/s","other":"%1$s m/s"},"mile-per-hour":{"_name":"milhas/hora","one":"%1$s mi/h","other":"%1$s mi/h"}},"temperature":{"celsius":{"_name":"°C","one":"%1$s °C","other":"%1$s °C"},"fahrenheit":{"_name":"graus F","one":"%1$s °F","other":"%1$s °F"},"kelvin":{"_name":"K","one":"%1$s K","other":"%1$s K"}},"volume":{"acre-foot":{"_name":"acre-pés","one":"%1$s acre-pés","other":"%1$s acre-pés"},"bushel":{"_name":"bu","other":"%1$s bu"},"centiliter":{"_name":"cl","one":"%1$s cl","other":"%1$s cl"},"cubic-centimeter":{"_name":"cm³","one":"%1$s cm³","other":"%1$s cm³"},"cubic-foot":{"_name":"pés³","one":"%1$s ft³","other":"%1$s ft³"},"cubic-inch":{"_name":"polegadas³","one":"%1$s pol³","other":"%1$s pol³"},"cubic-kilometer":{"_name":"km³","one":"%1$s km³","other":"%1$s km³"},"cubic-meter":{"_name":"m³","one":"%1$s m³","other":"%1$s m³"},"cubic-mile":{"_name":"mi³","one":"%1$s mi³","other":"%1$s mi³"},"cubic-yard":{"_name":"jardas³","one":"%1$s yd³","other":"%1$s yd³"},"cup":{"_name":"xícaras","one":"%1$s xíc.","other":"%1$s xíc."},"deciliter":{"_name":"dl","one":"%1$s dl","other":"%1$s dl"},"fluid-ounce":{"_name":"fl oz","one":"%1$s fl oz","other":"%1$s fl oz"},"gallon":{"_name":"gal","one":"%1$s gal","other":"%1$s gal"},"hectoliter":{"_name":"hl","one":"%1$s hl","other":"%1$s hl"},"liter":{"_name":"litro","one":"%1$s l","other":"%1$s l"},"megaliter":{"_name":"ML","one":"%1$s ML","other":"%1$s ML"},"milliliter":{"_name":"ml","one":"%1$s ml","other":"%1$s ml"},"pint":{"_name":"pints","one":"%1$s pt","other":"%1$s pt"},"quart":{"_name":"qts","one":"%1$s qt","other":"%1$s qt"},"tablespoon":{"_name":"CS","one":"%1$s CS","other":"%1$s CS"},"teaspoon":{"_name":"cc","one":"%1$s cc","other":"%1$s cc"}}},"_durationPattern":{"hm":"h:mm","hms":"h:mm:ss","ms":"m:ss"}}