{"long":{"_compoundPattern":"%1$s на %2$s","acceleration":{"g-force":{"_name":"сили тяжіння","one":"%1$s сила тяжіння","few":"%1$s сили тяжіння","many":"%1$s сил тяжіння","other":"%1$s сили тяжіння"},"meter-per-second-squared":{"_name":"метри на секунду в квадраті","one":"%1$s метр на секунду в квадраті","few":"%1$s метри на секунду в квадраті","many":"%1$s метрів на секунду в квадраті","other":"%1$s метра на секунду в квадраті"}},"angle":{"arc-minute":{"_name":"мінути","one":"%1$s мінута","few":"%1$s мінути","many":"%1$s мінут","other":"%1$s мінути"},"arc-second":{"_name":"кутові секунди","one":"%1$s кутова секунда","few":"%1$s кутові секунди","many":"%1$s кутових секунд","other":"%1$s кутової секунди"},"degree":{"_name":"градуси","one":"%1$s градус","few":"%1$s градуси","many":"%1$s градусів","other":"%1$s градуса"},"radian":{"_name":"радіани","one":"%1$s радіан","few":"%1$s радіани","many":"%1$s радіанів","other":"%1$s радіана"}},"area":{"acre":{"_name":"акри","one":"%1$s акр","few":"%1$s акри","many":"%1$s акрів","other":"%1$s акра"},"hectare":{"_name":"гектари","one":"%1$s гектар","few":"%1$s гектари","many":"%1$s гектарів","other":"%1$s гектара"},"square-centimeter":{"_name":"квадратні сантиметри","one":"%1$s квадратний сантиметр","few":"%1$s квадратні сантиметри","many":"%1$s квадратних сантиметрів","other":"%1$s квадратного сантиметра"},"square-foot":{"_name":"квадратні фути","one":"%1$s квадратний фут","few":"%1$s квадратні фути","many":"%1$s квадратних футів","other":"%1$s квадратного фута"},"square-inch":{"_name":"квадратні дюйми","one":"%1$s квадратний дюйм","few":"%1$s квадратні дюйми","many":"%1$s квадратних дюймів","other":"%1$s квадратного дюйма"},"square-kilometer":{"_name":"квадратні кілометри","one":"%1$s квадратний кілометр","few":"%1$s квадратні кілометри","many":"%1$s квадратних кілометрів","other":"%1$s квадратного кілометра"},"square-meter":{"_name":"квадтратні метри","one":"%1$s квадратний метр","few":"%1$s квадратні метри","many":"%1$s квадратних метрів","other":"%1$s квадратного метра"},"square-mile":{"_name":"квадратні милі","one":"%1$s квадратна миля","few":"%1$s квадратні милі","many":"%1$s квадратних миль","other":"%1$s квадратної милі"},"square-yard":{"_name":"квадратні ярди","one":"%1$s квадратний ярд","few":"%1$s квадратні ярди","many":"%1$s квадратних ярдів","other":"%1$s квадратного ярда"}},"consumption":{"liter-per-kilometer":{"_name":"літри на кілометр","one":"%1$s літр на кілометр","few":"%1$s літри на кілометр","many":"%1$s літрів на кілометр","other":"%1$s літра на кілометр"},"mile-per-gallon":{"_name":"милі на галон","one":"%1$s миля на галон","few":"%1$s милі на галон","many":"%1$s миль на галон","other":"%1$s милі на галон"}},"digital":{"bit":{"_name":"біти","one":"%1$s біт","few":"%1$s біти","many":"%1$s бітів","other":"%1$s біта"},"byte":{"_name":"байти","one":"%1$s байт","few":"%1$s байти","many":"%1$s байтів","other":"%1$s байта"},"gigabit":{"_name":"гігабіти","one":"%1$s гігабіт","few":"%1$s гігабіти","many":"%1$s гігабітів","other":"%1$s гігабіта"},"gigabyte":{"_name":"гігабайти","one":"%1$s гігабайт","few":"%1$s гігабайти","many":"%1$s гігабайтів","other":"%1$s гігабайта"},"kilobit":{"_name":"кілобіти","one":"%1$s кілобіт","few":"%1$s кілобіти","many":"%1$s кілобітів","other":"%1$s кілобіта"},"kilobyte":{"_name":"кілобайти","one":"%1$s кілобайт","few":"%1$s кілобайти","many":"%1$s кілобайтів","other":"%1$s кілобайта"},"megabit":{"_name":"мегабіти","one":"%1$s мегабіт","few":"%1$s мегабіти","many":"%1$s мегабітів","other":"%1$s мегабіта"},"megabyte":{"_name":"мегабайти","one":"%1$s мегабайт","few":"%1$s мегабайти","many":"%1$s мегабайтів","other":"%1$s мегабайта"},"terabit":{"_name":"терабіти","one":"%1$s терабіт","few":"%1$s терабіти","many":"%1$s терабітів","other":"%1$s терабіта"},"terabyte":{"_name":"терабайти","one":"%1$s терабайт","few":"%1$s терабайти","many":"%1$s терабайтів","other":"%1$s терабайта"}},"duration":{"day":{"_name":"дні","one":"%1$s день","few":"%1$s дні","many":"%1$s днів","other":"%1$s дня"},"hour":{"_name":"години","one":"%1$s година","few":"%1$s години","many":"%1$s годин","other":"%1$s години","_per":"%1$s на годину"},"microsecond":{"_name":"мікросекунди","one":"%1$s мікросекунда","few":"%1$s мікросекунди","many":"%1$s мікросекунд","other":"%1$s мікросекунди"},"millisecond":{"_name":"мілісекунди","one":"%1$s мілісекунда","few":"%1$s мілісекунди","many":"%1$s мілісекунд","other":"%1$s мілісекунди"},"minute":{"_name":"хвилини","one":"%1$s хвилина","few":"%1$s хвилини","many":"%1$s хвилин","other":"%1$s хвилини"},"month":{"_name":"місяці","one":"%1$s місяць","few":"%1$s місяці","many":"%1$s місяців","other":"%1$s місяця"},"nanosecond":{"_name":"наносекунди","one":"%1$s наносекунда","few":"%1$s наносекунди","many":"%1$s наносекунд","other":"%1$s наносекунди"},"second":{"_name":"секунди","one":"%1$s секунда","few":"%1$s секунди","many":"%1$s секунд","other":"%1$s секунди","_per":"%1$s на секунду"},"week":{"_name":"тижні","one":"%1$s тиждень","few":"%1$s тижні","many":"%1$s тижнів","other":"%1$s тижня"},"year":{"_name":"роки","one":"%1$s рік","few":"%1$s роки","many":"%1$s років","other":"%1$s року"}},"electric":{"ampere":{"_name":"ампери","one":"%1$s ампер","few":"%1$s ампери","many":"%1$s амперів","other":"%1$s ампера"},"milliampere":{"_name":"міліампери","one":"%1$s міліампер","few":"%1$s міліампери","many":"%1$s міліамперів","other":"%1$s міліампера"},"ohm":{"_name":"оми","one":"%1$s ом","few":"%1$s оми","many":"%1$s омів","other":"%1$s ома"},"volt":{"_name":"вольти","one":"%1$s вольт","few":"%1$s вольти","many":"%1$s вольтів","other":"%1$s вольта"}},"energy":{"calorie":{"_name":"калорії","one":"%1$s калорія","few":"%1$s калорії","many":"%1$s калорій","other":"%1$s калорії"},"foodcalorie":{"_name":"Калорії","one":"%1$s Калорія","few":"%1$s Калорії","many":"%1$s Калорій","other":"%1$s Калорії"},"joule":{"_name":"джоулі","one":"%1$s джоуль","few":"%1$s джоулі","many":"%1$s джоулів","other":"%1$s джоуля"},"kilocalorie":{"_name":"кілокалорії","one":"%1$s кілокалорія","few":"%1$s кілокалорії","many":"%1$s кілокалорій","other":"%1$s кілокалорії"},"kilojoule":{"_name":"кілоджоулі","one":"%1$s кілоджоуль","few":"%1$s кілоджоулі","many":"%1$s кілоджоулів","other":"%1$s кілоджоуля"},"kilowatt-hour":{"_name":"кіловат-години","one":"%1$s кіловат-година","few":"%1$s кіловат-години","many":"%1$s кіловат-годин","other":"%1$s кіловат-години"}},"frequency":{"gigahertz":{"_name":"гігагерци","one":"%1$s гігагерц","few":"%1$s гігагерци","many":"%1$s гігагерців","other":"%1$s гігагерца"},"hertz":{"_name":"герци","one":"%1$s герц","few":"%1$s герци","many":"%1$s герців","other":"%1$s герца"},"kilohertz":{"_name":"кілогерци","one":"%1$s кілогерц","few":"%1$s кілогерци","many":"%1$s кілогерців","other":"%1$s кілогерца"},"megahertz":{"_name":"мегагерци","one":"%1$s мегагерц","few":"%1$s мегагерци","many":"%1$s мегагерців","other":"%1$s мегагерца"}},"length":{"astronomical-unit":{"_name":"астрономічні одиниці","one":"%1$s астрономічна одиниця","few":"%1$s астрономічні одиниці","many":"%1$s астрономічних одиниць","other":"%1$s астрономічної одиниці"},"centimeter":{"_name":"сантиметри","one":"%1$s сантиметр","few":"%1$s сантиметри","many":"%1$s сантиметрів","other":"%1$s сантиметра"},"decimeter":{"_name":"дециметри","one":"%1$s дециметр","few":"%1$s дециметри","many":"%1$s дециметрів","other":"%1$s дециметра"},"fathom":{"_name":"fm","other":"%1$s fm"},"foot":{"_name":"фути","one":"%1$s фут","few":"%1$s фути","many":"%1$s футів","other":"%1$s фута"},"furlong":{"_name":"fur","other":"%1$s fur"},"inch":{"_name":"дюйми","one":"%1$s дюйм","few":"%1$s дюйми","many":"%1$s дюймів","other":"%1$s дюйма"},"kilometer":{"_name":"кілометри","one":"%1$s кілометр","few":"%1$s кілометри","many":"%1$s кілометрів","other":"%1$s кілометра"},"light-year":{"_name":"світлові роки","one":"%1$s світловий рік","few":"%1$s світлові роки","many":"%1$s світлових років","other":"%1$s світлового року"},"meter":{"_name":"метри","one":"%1$s метр","few":"%1$s метри","many":"%1$s метрів","other":"%1$s метра"},"micrometer":{"_name":"мікрометри","one":"%1$s мікрометр","few":"%1$s мікрометри","many":"%1$s мікрометрів","other":"%1$s мікрометра"},"mile":{"_name":"милі","one":"%1$s миля","few":"%1$s милі","many":"%1$s миль","other":"%1$s милі"},"millimeter":{"_name":"міліметри","one":"%1$s міліметр","few":"%1$s міліметри","many":"%1$s міліметрів","other":"%1$s міліметра"},"nanometer":{"_name":"нанометри","one":"%1$s нанометр","few":"%1$s нанометри","many":"%1$s нанометрів","other":"%1$s нанометра"},"nautical-mile":{"_name":"морські милі","one":"%1$s морська миля","few":"%1$s морські милі","many":"%1$s морських миль","other":"%1$s морської милі"},"parsec":{"_name":"парсеки","one":"%1$s парсек","few":"%1$s парсеки","many":"%1$s парсеків","other":"%1$s парсека"},"picometer":{"_name":"пікометри","one":"%1$s пікометр","few":"%1$s пікометри","many":"%1$s пікометрів","other":"%1$s пікометра"},"yard":{"_name":"ярди","one":"%1$s ярд","few":"%1$s ярди","many":"%1$s ярдів","other":"%1$s ярда"}},"light":{"lux":{"_name":"люкси","one":"%1$s люкс","few":"%1$s люкси","many":"%1$s люксів","other":"%1$s люкса"}},"mass":{"carat":{"_name":"карати","one":"%1$s карат","few":"%1$s карати","many":"%1$s каратів","other":"%1$s карата"},"gram":{"_name":"грами","one":"%1$s грам","few":"%1$s грами","many":"%1$s грамів","other":"%1$s грама"},"kilogram":{"_name":"кілограми","one":"%1$s кілограм","few":"%1$s кілограми","many":"%1$s кілограмів","other":"%1$s кілограма"},"metric-ton":{"_name":"метричні тонни","one":"%1$s метрична тонна","few":"%1$s метричні тонни","many":"%1$s метричних тонн","other":"%1$s метричної тонни"},"microgram":{"_name":"мікрограми","one":"%1$s мікрограм","few":"%1$s мікрограми","many":"%1$s мікрограм","other":"%1$s мікрограма"},"milligram":{"_name":"міліграми","one":"%1$s міліграм","few":"%1$s міліграми","many":"%1$s міліграм","other":"%1$s міліграма"},"ounce":{"_name":"унції","one":"%1$s унція","few":"%1$s унції","many":"%1$s унцій","other":"%1$s унції"},"ounce-troy":{"_name":"тройські унції","one":"%1$s тройська унція","few":"%1$s тройські унції","many":"%1$s тройських унцій","other":"%1$s тройської унції"},"pound":{"_name":"фунти","one":"%1$s фунт","few":"%1$s фунти","many":"%1$s фунтів","other":"%1$s фунта"},"stone":{"_name":"st","other":"%1$s st"},"ton":{"_name":"тонни","one":"%1$s тонна","few":"%1$s тонни","many":"%1$s тонн","other":"%1$s тонни"}},"power":{"gigawatt":{"_name":"гігавати","one":"%1$s гігават","few":"%1$s гігавати","many":"%1$s гігаватів","other":"%1$s гігавата"},"horsepower":{"_name":"кінські сили","one":"%1$s кінська сила","few":"%1$s кінські сили","many":"%1$s кінських сил","other":"%1$s кінської сили"},"kilowatt":{"_name":"кіловати","one":"%1$s кіловат","few":"%1$s кіловати","many":"%1$s кіловатів","other":"%1$s кіловата"},"megawatt":{"_name":"мегавати","one":"%1$s мегават","few":"%1$s мегавати","many":"%1$s мегават","other":"%1$s мегавата"},"milliwatt":{"_name":"мілівати","one":"%1$s міліват","few":"%1$s мілівати","many":"%1$s міліват","other":"%1$s мілівата"},"watt":{"_name":"вати","one":"%1$s ват","few":"%1$s вати","many":"%1$s ватів","other":"%1$s вата"}},"pressure":{"hectopascal":{"_name":"гектопаскалі","one":"%1$s гектопаскаль","few":"%1$s гектопаскалі","many":"%1$s гектопаскалів","other":"%1$s гектопаскаля"},"inch-hg":{"_name":"дюйми ртутного стовпа","one":"%1$s дюйм ртутного стовпа","few":"%1$s дюйми ртутного стовпа","many":"%1$s дюймів ртутного стовпа","other":"%1$s дюйма ртутного стовпа"},"millibar":{"_name":"мілібари","one":"%1$s мілібар","few":"%1$s мілібари","many":"%1$s мілібарів","other":"%1$s мілібара"},"millimeter-of-mercury":{"_name":"міліметри ртутного стовпа","one":"%1$s міліметр ртутного стовпа","few":"%1$s міліметри ртутного стовпа","many":"%1$s міліметрів ртутного стовпа","other":"%1$s міліметра ртутного стовпа"},"pound-per-square-inch":{"_name":"фунти на квадратний дюйм","one":"%1$s фунт на квадратний дюйм","few":"%1$s фунти на квадратний дюйм","many":"%1$s фунтів на квадратний дюйм","other":"%1$s фунта на квадратний дюйм"}},"proportion":{"karat":{"_name":"Карати","one":"%1$s Карат","few":"%1$s Карати","many":"%1$s Каратів","other":"%1$s Карата"}},"speed":{"kilometer-per-hour":{"_name":"кілометри на годину","one":"%1$s кілометр на годину","few":"%1$s кілометри на годину","many":"%1$s кілометрів на годину","other":"%1$s кілометра на годину"},"meter-per-second":{"_name":"метри на секунду","one":"%1$s метр на секунду","few":"%1$s метри на секунду","many":"%1$s метрів на секунду","other":"%1$s метра на секунду"},"mile-per-hour":{"_name":"милі на годину","one":"%1$s миля на годину","few":"%1$s милі на годину","many":"%1$s миль на годину","other":"%1$s милі на годину"}},"temperature":{"celsius":{"_name":"градуси Цельсія","one":"%1$s градус Цельсія","few":"%1$s градуси Цельсія","many":"%1$s градусів Цельсія","other":"%1$s градуса Цельсія"},"fahrenheit":{"_name":"градуси Фаренгейта","one":"%1$s градус Фаренгейта","few":"%1$s градуси Фаренгейта","many":"%1$s градусів Фаренгейта","other":"%1$s градуса Фаренгейта"},"kelvin":{"_name":"кельвіни","one":"%1$s кельвін","few":"%1$s кельвіни","many":"%1$s кельвінів","other":"%1$s кельвіна"}},"volume":{"acre-foot":{"_name":"акр-фути","one":"%1$s акр-фут","few":"%1$s акр-фути","many":"%1$s акр-футів","other":"%1$s акр-фута"},"bushel":{"_name":"bu","other":"%1$s bu"},"centiliter":{"_name":"сантилітри","one":"%1$s сантилітр","few":"%1$s сантилітри","many":"%1$s сантилітрів","other":"%1$s сантилітра"},"cubic-centimeter":{"_name":"кубічні сантиметри","one":"%1$s кубічний сантиметр","few":"%1$s кубічні сантиметри","many":"%1$s кубічних сантиметрів","other":"%1$s кубічного сантиметра"},"cubic-foot":{"_name":"кубічні фути","one":"%1$s кубічний фут","few":"%1$s кубічні фути","many":"%1$s кубічних футів","other":"%1$s кубічного фута"},"cubic-inch":{"_name":"кубічні дюйми","one":"%1$s кубічний дюйм","few":"%1$s кубічні дюйми","many":"%1$s кубічних дюймів","other":"%1$s кубічного дюйма"},"cubic-kilometer":{"_name":"кубічні кілометри","one":"%1$s кубічний кілометр","few":"%1$s кубічні кілометри","many":"%1$s кубічних кілометрів","other":"%1$s кубічного кілометра"},"cubic-meter":{"_name":"кубічні метри","one":"%1$s кубічний метр","few":"%1$s кубічні метри","many":"%1$s кубічних метрів","other":"%1$s кубічного метра"},"cubic-mile":{"_name":"кубічні милі","one":"%1$s кубічна миля","few":"%1$s кубічні милі","many":"%1$s кубічних миль","other":"%1$s кубічної милі"},"cubic-yard":{"_name":"кубічні ярди","one":"%1$s кубічний ярд","few":"%1$s кубічні ярди","many":"%1$s кубічних ярдів","other":"%1$s кубічного ярда"},"cup":{"_name":"чашки","one":"%1$s чашка","few":"%1$s чашки","many":"%1$s чашок","other":"%1$s чашки"},"deciliter":{"_name":"децилітри","one":"%1$s децилітр","few":"%1$s децилітри","many":"%1$s децилітрів","other":"%1$s децилітра"},"fluid-ounce":{"_name":"рідкі унції","one":"%1$s рідка унція","few":"%1$s рідкі унції","many":"%1$s рідких унцій","other":"%1$s рідкої унції"},"gallon":{"_name":"галони","one":"%1$s галон","few":"%1$s галони","many":"%1$s галонів","other":"%1$s галона"},"hectoliter":{"_name":"гектолітри","one":"%1$s гектолітр","few":"%1$s гектолітри","many":"%1$s гектолітрів","other":"%1$s гектолітра"},"liter":{"_name":"літри","one":"%1$s літр","few":"%1$s літри","many":"%1$s літрів","other":"%1$s літра"},"megaliter":{"_name":"мегалітри","one":"%1$s мегалітр","few":"%1$s мегалітри","many":"%1$s мегалітрів","other":"%1$s мегалітра"},"milliliter":{"_name":"мілілітри","one":"%1$s мілілітр","few":"%1$s мілілітри","many":"%1$s мілілітрів","other":"%1$s мілілітра"},"pint":{"_name":"пінти","one":"%1$s пінта","few":"%1$s пінти","many":"%1$s пінт","other":"%1$s пінти"},"quart":{"_name":"кварти","one":"%1$s кварта","few":"%1$s кварти","many":"%1$s кварт","other":"%1$s кварти"},"tablespoon":{"_name":"cтолові ложки","one":"%1$s столова ложка","few":"%1$s столові ложки","many":"%1$s столових ложок","other":"%1$s столової ложки"},"teaspoon":{"_name":"чайні ложки","one":"%1$s чайна ложка","few":"%1$s чайні ложки","many":"%1$s чайних ложок","other":"%1$s чайної ложки"}}},"short":{"_compoundPattern":"%1$s/%2$s","acceleration":{"g-force":{"_name":"сили тяжіння","one":"%1$s G","few":"%1$s G","many":"%1$s G","other":"%1$s G"},"meter-per-second-squared":{"_name":"метри/с²","one":"%1$s м/с²","few":"%1$s м/с²","many":"%1$s м/с²","other":"%1$s м/с²"}},"angle":{"arc-minute":{"_name":"мінути","one":"%1$s мін.","few":"%1$s мін.","many":"%1$s мін.","other":"%1$s мін."},"arc-second":{"_name":"кут. сек.","one":"%1$s кут. сек.","few":"%1$s кут. сек.","many":"%1$s кут. сек.","other":"%1$s кут. сек."},"degree":{"_name":"градуси","one":"%1$s°","few":"%1$s°","many":"%1$s°","other":"%1$s°"},"radian":{"_name":"радіани","one":"%1$s рад.","few":"%1$s рад.","many":"%1$s рад.","other":"%1$s рад."}},"area":{"acre":{"_name":"акри","one":"%1$s акр","few":"%1$s акри","many":"%1$s акрів","other":"%1$s акра"},"hectare":{"_name":"гектари","one":"%1$s га","few":"%1$s га","many":"%1$s га","other":"%1$s га"},"square-centimeter":{"_name":"см²","one":"%1$s см²","few":"%1$s см²","many":"%1$s см²","other":"%1$s см²"},"square-foot":{"_name":"фути²","one":"%1$s фут²","few":"%1$s фути²","many":"%1$s футів²","other":"%1$s фута²"},"square-inch":{"_name":"дюйми²","one":"%1$s дюйм²","few":"%1$s дюйми²","many":"%1$s дюймів²","other":"%1$s дюйма²"},"square-kilometer":{"_name":"км²","one":"%1$s км²","few":"%1$s км²","many":"%1$s км²","other":"%1$s км²"},"square-meter":{"_name":"м²","one":"%1$s м²","few":"%1$s м²","many":"%1$s м²","other":"%1$s м²"},"square-mile":{"_name":"милі²","one":"%1$s миля²","few":"%1$s милі²","many":"%1$s миль²","other":"%1$s милі²"},"square-yard":{"_name":"ярди²","one":"%1$s ярд²","few":"%1$s ярди²","many":"%1$s ярдів²","other":"%1$s ярда²"}},"consumption":{"liter-per-kilometer":{"_name":"літри/км","one":"%1$s л/км","few":"%1$s л/км","many":"%1$s л/км","other":"%1$s л/км"},"mile-per-gallon":{"_name":"милі/галон","one":"%1$s миля/галон","few":"%1$s милі/галон","many":"%1$s миль/галон","other":"%1$s милі/галон"}},"digital":{"bit":{"_name":"біт","one":"%1$s б","few":"%1$s б","many":"%1$s б","other":"%1$s б"},"byte":{"_name":"байт","one":"%1$s Б","few":"%1$s Б","many":"%1$s Б","other":"%1$s Б"},"gigabit":{"_name":"Гбіт","one":"%1$s Гб","few":"%1$s Гб","many":"%1$s Гб","other":"%1$s Гб"},"gigabyte":{"_name":"Гбайт","one":"%1$s ГБ","few":"%1$s ГБ","many":"%1$s ГБ","other":"%1$s ГБ"},"kilobit":{"_name":"кбіт","one":"%1$s кб","few":"%1$s кб","many":"%1$s кб","other":"%1$s кб"},"kilobyte":{"_name":"кбайт","one":"%1$s кБ","few":"%1$s кБ","many":"%1$s кБ","other":"%1$s кБ"},"megabit":{"_name":"Мбіт","one":"%1$s Мб","few":"%1$s Мб","many":"%1$s Мб","other":"%1$s Мб"},"megabyte":{"_name":"Мбайт","one":"%1$s МБ","few":"%1$s МБ","many":"%1$s МБ","other":"%1$s МБ"},"terabit":{"_name":"Тбіт","one":"%1$s Тб","few":"%1$s Тб","many":"%1$s Тб","other":"%1$s Тб"},"terabyte":{"_name":"Тбайт","one":"%1$s ТБ","few":"%1$s ТБ","many":"%1$s ТБ","other":"%1$s ТБ"}},"duration":{"day":{"_name":"дні","one":"%1$s д.","few":"%1$s дн.","many":"%1$s дн.","other":"%1$s дн."},"hour":{"_name":"години","one":"%1$s год","few":"%1$s год","many":"%1$s год","other":"%1$s год","_per":"на год"},"microsecond":{"_name":"мкс","one":"%1$s мкс","few":"%1$s мкс","many":"%1$s мкс","other":"%1$s мкс"},"millisecond":{"_name":"мс","one":"%1$s мс","few":"%1$s мс","many":"%1$s мс","other":"%1$s мс"},"minute":{"_name":"хв","one":"%1$s хв","few":"%1$s хв","many":"%1$s хв","other":"%1$s хв"},"month":{"_name":"міс.","one":"%1$s міс.","few":"%1$s міс.","many":"%1$s міс.","other":"%1$s міс."},"nanosecond":{"_name":"нс","one":"%1$s нс","few":"%1$s нс","many":"%1$s нс","other":"%1$s нс"},"second":{"_name":"с","one":"%1$s с","few":"%1$s с","many":"%1$s с","other":"%1$s с","_per":"на с"},"week":{"_name":"тиж.","one":"%1$s тиж.","few":"%1$s тиж.","many":"%1$s тиж.","other":"%1$s тиж."},"year":{"_name":"р.","one":"%1$s р.","few":"%1$s р.","many":"%1$s р.","other":"%1$s р."}},"electric":{"ampere":{"_name":"А","one":"%1$s А","few":"%1$s А","many":"%1$s А","other":"%1$s А"},"milliampere":{"_name":"мА","one":"%1$s мА","few":"%1$s мА","many":"%1$s мА","other":"%1$s мА"},"ohm":{"_name":"оми","one":"%1$s Ом","few":"%1$s Ом","many":"%1$s Ом","other":"%1$s Ом"},"volt":{"_name":"вольти","one":"%1$s В","few":"%1$s В","many":"%1$s В","other":"%1$s В"}},"energy":{"calorie":{"_name":"кал","one":"%1$s кал","few":"%1$s кал","many":"%1$s кал","other":"%1$s кал"},"foodcalorie":{"_name":"Кал","one":"%1$s Кал","few":"%1$s Кал","many":"%1$s Кал","other":"%1$s Кал"},"joule":{"_name":"джоулі","one":"%1$s Дж","few":"%1$s Дж","many":"%1$s Дж","other":"%1$s Дж"},"kilocalorie":{"_name":"Ккал","one":"%1$s Ккал","few":"%1$s Ккал","many":"%1$s Ккал","other":"%1$s Ккал"},"kilojoule":{"_name":"кілоджоуль","one":"%1$s кДж","few":"%1$s кДж","many":"%1$s кДж","other":"%1$s кДж"},"kilowatt-hour":{"_name":"кВт год","one":"%1$s кВт год","few":"%1$s кВт год","many":"%1$s кВт год","other":"%1$s кВт год"}},"frequency":{"gigahertz":{"_name":"ГГц","one":"%1$s ГГц","few":"%1$s ГГц","many":"%1$s ГГц","other":"%1$s ГГц"},"hertz":{"_name":"Гц","one":"%1$s Гц","few":"%1$s Гц","many":"%1$s Гц","other":"%1$s Гц"},"kilohertz":{"_name":"кГц","one":"%1$s кГц","few":"%1$s кГц","many":"%1$s кГц","other":"%1$s кГц"},"megahertz":{"_name":"МГц","one":"%1$s МГц","few":"%1$s МГц","many":"%1$s МГц","other":"%1$s МГц"}},"length":{"astronomical-unit":{"_name":"а. о.","one":"%1$s а. о.","few":"%1$s а. о.","many":"%1$s а. о.","other":"%1$s а. о."},"centimeter":{"_name":"см","one":"%1$s см","few":"%1$s см","many":"%1$s см","other":"%1$s см"},"decimeter":{"_name":"дм","one":"%1$s дм","few":"%1$s дм","many":"%1$s дм","other":"%1$s дм"},"fathom":{"_name":"fm","other":"%1$s fm"},"foot":{"_name":"фут","one":"%1$s фут","few":"%1$s фути","many":"%1$s футів","other":"%1$s фута"},"furlong":{"_name":"fur","other":"%1$s fur"},"inch":{"_name":"дюйми","one":"%1$s дюйм","few":"%1$s дюйми","many":"%1$s дюймів","other":"%1$s дюйма"},"kilometer":{"_name":"км","one":"%1$s км","few":"%1$s км","many":"%1$s км","other":"%1$s км"},"light-year":{"_name":"св. р.","one":"%1$s св. р.","few":"%1$s св. р.","many":"%1$s св. р.","other":"%1$s св. р."},"meter":{"_name":"метри","one":"%1$s м","few":"%1$s м","many":"%1$s м","other":"%1$s м"},"micrometer":{"_name":"мкм","one":"%1$s мкм","few":"%1$s мкм","many":"%1$s мкм","other":"%1$s мкм"},"mile":{"_name":"милі","one":"%1$s миля","few":"%1$s милі","many":"%1$s миль","other":"%1$s милі"},"millimeter":{"_name":"мм","one":"%1$s мм","few":"%1$s мм","many":"%1$s мм","other":"%1$s мм"},"nanometer":{"_name":"нм","one":"%1$s нм","few":"%1$s нм","many":"%1$s нм","other":"%1$s нм"},"nautical-mile":{"_name":"м. милі","one":"%1$s м. миля","few":"%1$s м. милі","many":"%1$s м. миль","other":"%1$s м. милі"},"parsec":{"_name":"парсеки","one":"%1$s пк","few":"%1$s пк","many":"%1$s пк","other":"%1$s пк"},"picometer":{"_name":"пм","one":"%1$s пм","few":"%1$s пм","many":"%1$s пм","other":"%1$s пм"},"yard":{"_name":"ярди","one":"%1$s ярд","few":"%1$s ярди","many":"%1$s ярдів","other":"%1$s ярда"}},"light":{"lux":{"_name":"люкс","one":"%1$s лк","few":"%1$s лк","many":"%1$s лк","other":"%1$s лк"}},"mass":{"carat":{"_name":"карати","one":"%1$s кар","few":"%1$s кар","many":"%1$s кар","other":"%1$s кар"},"gram":{"_name":"грами","one":"%1$s г","few":"%1$s г","many":"%1$s г","other":"%1$s г"},"kilogram":{"_name":"кг","one":"%1$s кг","few":"%1$s кг","many":"%1$s кг","other":"%1$s кг"},"metric-ton":{"_name":"метр. т","one":"%1$s метр. т","few":"%1$s метр. т","many":"%1$s метр. т","other":"%1$s метр. т"},"microgram":{"_name":"мкг","one":"%1$s мкг","few":"%1$s мкг","many":"%1$s мкг","other":"%1$s мкг"},"milligram":{"_name":"мг","one":"%1$s мг","few":"%1$s мг","many":"%1$s мг","other":"%1$s мг"},"ounce":{"_name":"унції","one":"%1$s унція","few":"%1$s унції","many":"%1$s унцій","other":"%1$s унції"},"ounce-troy":{"_name":"тр. унції","one":"%1$s тр. унція","few":"%1$s тр. унції","many":"%1$s тр. унцій","other":"%1$s тр. унції"},"pound":{"_name":"фунти","one":"%1$s фунт","few":"%1$s фунти","many":"%1$s фунтів","other":"%1$s фунта"},"stone":{"_name":"st","other":"%1$s st"},"ton":{"_name":"тонни","one":"%1$s т","few":"%1$s т","many":"%1$s т","other":"%1$s т"}},"power":{"gigawatt":{"_name":"ГВт","one":"%1$s ГВт","few":"%1$s ГВт","many":"%1$s ГВт","other":"%1$s ГВт"},"horsepower":{"_name":"к. с.","one":"%1$s к. с.","few":"%1$s к. с.","many":"%1$s к. с.","other":"%1$s к. с."},"kilowatt":{"_name":"кВт","one":"%1$s кВт","few":"%1$s кВт","many":"%1$s кВт","other":"%1$s кВт"},"megawatt":{"_name":"МВт","one":"%1$s МВт","few":"%1$s МВт","many":"%1$s МВт","other":"%1$s МВт"},"milliwatt":{"_name":"мВт","one":"%1$s мВт","few":"%1$s мВт","many":"%1$s мВт","other":"%1$s мВт"},"watt":{"_name":"вати","one":"%1$s Вт","few":"%1$s Вт","many":"%1$s Вт","other":"%1$s Вт"}},"pressure":{"hectopascal":{"_name":"гПа","one":"%1$s гПа","few":"%1$s гПа","many":"%1$s гПа","other":"%1$s гПа"},"inch-hg":{"_name":"дюйми рт. ст.","one":"%1$s дюйм рт. ст.","few":"%1$s дюйми рт. ст.","many":"%1$s дюймів рт. ст.","other":"%1$s дюйма рт. ст."},"millibar":{"_name":"мбар","one":"%1$s мбар","few":"%1$s мбари","many":"%1$s мбарів","other":"%1$s мбара"},"millimeter-of-mercury":{"_name":"мм рт. ст.","one":"%1$s мм рт. ст.","few":"%1$s мм рт. ст.","many":"%1$s мм рт. ст.","other":"%1$s мм рт. ст."},"pound-per-square-inch":{"_name":"фунт/дюйм²","one":"%1$s фунт/дюйм²","few":"%1$s фунти/дюйм²","many":"%1$s фунтів/дюйм²","other":"%1$s фунта/дюйм²"}},"proportion":{"karat":{"_name":"Карати","one":"%1$s Кар.","few":"%1$s Кар.","many":"%1$s Кар.","other":"%1$s Кар."}},"speed":{"kilometer-per-hour":{"_name":"км/годину","one":"%1$s км/год","few":"%1$s км/год","many":"%1$s км/год","other":"%1$s км/год"},"meter-per-second":{"_name":"метри/с","one":"%1$s м/с","few":"%1$s м/с","many":"%1$s м/с","other":"%1$s м/с"},"mile-per-hour":{"_name":"милі/год","one":"%1$s миля/год","few":"%1$s милі/год","many":"%1$s миль/год","other":"%1$s милі/год"}},"temperature":{"celsius":{"_name":"градус Цельсія","one":"%1$s°C","few":"%1$s°C","many":"%1$s°C","other":"%1$s°C"},"fahrenheit":{"_name":"градус Фаренгейта","one":"%1$s°F","few":"%1$s°F","many":"%1$s°F","other":"%1$s°F"},"kelvin":{"_name":"кельвін","one":"%1$s К","few":"%1$s К","many":"%1$s К","other":"%1$s К"}},"volume":{"acre-foot":{"_name":"акр-фути","one":"%1$s акр-фут","few":"%1$s акр-фути","many":"%1$s акр-футів","other":"%1$s акр-фута"},"bushel":{"_name":"bu","other":"%1$s bu"},"centiliter":{"_name":"сл","one":"%1$s сл","few":"%1$s сл","many":"%1$s сл","other":"%1$s сл"},"cubic-centimeter":{"_name":"см³","one":"%1$s см³","few":"%1$s см³","many":"%1$s см³","other":"%1$s см³"},"cubic-foot":{"_name":"фути³","one":"%1$s фут³","few":"%1$s фути³","many":"%1$s футів³","other":"%1$s фута³"},"cubic-inch":{"_name":"дюйми³","one":"%1$s дюйм³","few":"%1$s дюйми³","many":"%1$s дюймів³","other":"%1$s дюйма³"},"cubic-kilometer":{"_name":"км³","one":"%1$s км³","few":"%1$s км³","many":"%1$s км³","other":"%1$s км³"},"cubic-meter":{"_name":"м³","one":"%1$s м³","few":"%1$s м³","many":"%1$s м³","other":"%1$s м³"},"cubic-mile":{"_name":"милі³","one":"%1$s миля³","few":"%1$s милі³","many":"%1$s миль³","other":"%1$s милі³"},"cubic-yard":{"_name":"ярди³","one":"%1$s ярд³","few":"%1$s ярди³","many":"%1$s ярдів³","other":"%1$s ярда³"},"cup":{"_name":"чашка","one":"%1$s чаш.","few":"%1$s чаш.","many":"%1$s чаш.","other":"%1$s чаш."},"deciliter":{"_name":"дл","one":"%1$s дл","few":"%1$s дл","many":"%1$s дл","other":"%1$s дл"},"fluid-ounce":{"_name":"рід. ун.","one":"%1$s рід. ун.","few":"%1$s рід. ун.","many":"%1$s рід. ун.","other":"%1$s рід. ун."},"gallon":{"_name":"гал.","one":"%1$s гал.","few":"%1$s гал.","many":"%1$s гал.","other":"%1$s гал."},"hectoliter":{"_name":"гл","one":"%1$s гл","few":"%1$s гл","many":"%1$s гл","other":"%1$s гл"},"liter":{"_name":"літри","one":"%1$s л","few":"%1$s л","many":"%1$s л","other":"%1$s л"},"megaliter":{"_name":"Мл","one":"%1$s Мл","few":"%1$s Мл","many":"%1$s Мл","other":"%1$s Мл"},"milliliter":{"_name":"мл","one":"%1$s мл","few":"%1$s мл","many":"%1$s мл","other":"%1$s мл"},"pint":{"_name":"пінти","one":"%1$s пінта","few":"%1$s пінти","many":"%1$s пінт","other":"%1$s пінти"},"quart":{"_name":"квар.","one":"%1$s квар.","few":"%1$s квар.","many":"%1$s квар.","other":"%1$s квар."},"tablespoon":{"_name":"ст. л.","one":"%1$s ст. л.","few":"%1$s ст. л.","many":"%1$s ст. л.","other":"%1$s ст. л."},"teaspoon":{"_name":"ч. л.","one":"%1$s ч. л.","few":"%1$s ч. л.","many":"%1$s ч. л.","other":"%1$s ч. л."}}},"narrow":{"_compoundPattern":"%1$s/%2$s","acceleration":{"g-force":{"_name":"сили тяжіння","one":"%1$s G","few":"%1$s G","many":"%1$s G","other":"%1$s G"},"meter-per-second-squared":{"_name":"метри/с²","one":"%1$s м/с²","few":"%1$s м/с²","many":"%1$s м/с²","other":"%1$s м/с²"}},"angle":{"arc-minute":{"_name":"мінути","one":"%1$s′","few":"%1$s′","many":"%1$s′","other":"%1$s′"},"arc-second":{"_name":"кут. сек.","one":"%1$s″","few":"%1$s″","many":"%1$s″","other":"%1$s″"},"degree":{"_name":"градуси","one":"%1$s°","few":"%1$s°","many":"%1$s°","other":"%1$s°"},"radian":{"_name":"радіани","one":"%1$s рад.","few":"%1$s рад.","many":"%1$s рад.","other":"%1$s рад."}},"area":{"acre":{"_name":"акри","one":"%1$s акр","few":"%1$s акри","many":"%1$s акрів","other":"%1$s акра"},"hectare":{"_name":"гектари","one":"%1$s га","few":"%1$s га","many":"%1$s га","other":"%1$s га"},"square-centimeter":{"_name":"см²","one":"%1$s см²","few":"%1$s см²","many":"%1$s см²","other":"%1$s см²"},"square-foot":{"_name":"фути²","one":"%1$s фут²","few":"%1$s фути²","many":"%1$s футів²","other":"%1$s фута²"},"square-inch":{"_name":"дюйми²","one":"%1$s дюйма²","few":"%1$s дюйма²","many":"%1$s дюйма²","other":"%1$s дюйма²"},"square-kilometer":{"_name":"км²","one":"%1$s км²","few":"%1$s км²","many":"%1$s км²","other":"%1$s км²"},"square-meter":{"_name":"м²","one":"%1$s м²","few":"%1$s м²","many":"%1$s м²","other":"%1$s м²"},"square-mile":{"_name":"милі²","one":"%1$s миля²","few":"%1$s милі²","many":"%1$s миль²","other":"%1$s милі²"},"square-yard":{"_name":"ярди²","one":"%1$s ярда²","few":"%1$s ярда²","many":"%1$s ярда²","other":"%1$s ярда²"}},"consumption":{"liter-per-kilometer":{"_name":"літри/км","one":"%1$s л/км","few":"%1$s л/км","many":"%1$s л/км","other":"%1$s л/км"},"mile-per-gallon":{"_name":"милі/галон","one":"%1$s милі/галон","few":"%1$s милі/галон","many":"%1$s милі/галон","other":"%1$s милі/галон"}},"digital":{"bit":{"_name":"біт","one":"%1$s б","few":"%1$s б","many":"%1$s б","other":"%1$s б"},"byte":{"_name":"байт","one":"%1$s Б","few":"%1$s Б","many":"%1$s Б","other":"%1$s Б"},"gigabit":{"_name":"Гбіт","one":"%1$s Гб","few":"%1$s Гб","many":"%1$s Гб","other":"%1$s Гб"},"gigabyte":{"_name":"Гбайт","one":"%1$s ГБ","few":"%1$s ГБ","many":"%1$s ГБ","other":"%1$s ГБ"},"kilobit":{"_name":"кбіт","one":"%1$s кб","few":"%1$s кб","many":"%1$s кб","other":"%1$s кб"},"kilobyte":{"_name":"кбайт","one":"%1$s кБ","few":"%1$s кБ","many":"%1$s кБ","other":"%1$s кБ"},"megabit":{"_name":"Мбіт","one":"%1$s Мб","few":"%1$s Мб","many":"%1$s Мб","other":"%1$s Мб"},"megabyte":{"_name":"Мбайт","one":"%1$s МБ","few":"%1$s МБ","many":"%1$s МБ","other":"%1$s МБ"},"terabit":{"_name":"Тбіт","one":"%1$s Тб","few":"%1$s Тб","many":"%1$s Тб","other":"%1$s Тб"},"terabyte":{"_name":"Тбайт","one":"%1$s ТБ","few":"%1$s ТБ","many":"%1$s ТБ","other":"%1$s ТБ"}},"duration":{"day":{"_name":"день","one":"%1$s д.","few":"%1$s дн.","many":"%1$s дн.","other":"%1$s дн."},"hour":{"_name":"год","one":"%1$s год","few":"%1$s год","many":"%1$s год","other":"%1$s год","_per":"на год"},"microsecond":{"_name":"мкс","one":"%1$s мкс","few":"%1$s мкс","many":"%1$s мкс","other":"%1$s мкс"},"millisecond":{"_name":"мс","one":"%1$s мс","few":"%1$s мс","many":"%1$s мс","other":"%1$s мс"},"minute":{"_name":"хв","one":"%1$s хв","few":"%1$s хв","many":"%1$s хв","other":"%1$s хв"},"month":{"_name":"міс.","one":"%1$s міс.","few":"%1$s міс.","many":"%1$s міс.","other":"%1$s міс."},"nanosecond":{"_name":"нс","one":"%1$s нс","few":"%1$s нс","many":"%1$s нс","other":"%1$s нс"},"second":{"_name":"с","one":"%1$s с","few":"%1$s с","many":"%1$s с","other":"%1$s с","_per":"на с"},"week":{"_name":"тиж.","one":"%1$s тиж.","few":"%1$s тиж.","many":"%1$s тиж.","other":"%1$s тиж."},"year":{"_name":"р.","one":"%1$s р.","few":"%1$s р.","many":"%1$s р.","other":"%1$s р."}},"electric":{"ampere":{"_name":"А","one":"%1$s А","few":"%1$s А","many":"%1$s А","other":"%1$s А"},"milliampere":{"_name":"мА","one":"%1$s мА","few":"%1$s мА","many":"%1$s мА","other":"%1$s мА"},"ohm":{"_name":"оми","one":"%1$s Ом","few":"%1$s Ом","many":"%1$s Ом","other":"%1$s Ом"},"volt":{"_name":"вольти","one":"%1$s В","few":"%1$s В","many":"%1$s В","other":"%1$s В"}},"energy":{"calorie":{"_name":"кал","one":"%1$s кал","few":"%1$s кал","many":"%1$s кал","other":"%1$s кал"},"foodcalorie":{"_name":"Кал","one":"%1$s Кал","few":"%1$s Кал","many":"%1$s Кал","other":"%1$s Кал"},"joule":{"_name":"джоулі","one":"%1$s Дж","few":"%1$s Дж","many":"%1$s Дж","other":"%1$s Дж"},"kilocalorie":{"_name":"Ккал","one":"%1$s Ккал","few":"%1$s Ккал","many":"%1$s Ккал","other":"%1$s Ккал"},"kilojoule":{"_name":"кілоджоуль","one":"%1$s кДж","few":"%1$s кДж","many":"%1$s кДж","other":"%1$s кДж"},"kilowatt-hour":{"_name":"кВт год","one":"%1$s кВт год","few":"%1$s кВт год","many":"%1$s кВт год","other":"%1$s кВт год"}},"frequency":{"gigahertz":{"_name":"ГГц","one":"%1$s ГГц","few":"%1$s ГГц","many":"%1$s ГГц","other":"%1$s ГГц"},"hertz":{"_name":"Гц","one":"%1$s Гц","few":"%1$s Гц","many":"%1$s Гц","other":"%1$s Гц"},"kilohertz":{"_name":"кГц","one":"%1$s кГц","few":"%1$s кГц","many":"%1$s кГц","other":"%1$s кГц"},"megahertz":{"_name":"МГц","one":"%1$s МГц","few":"%1$s МГц","many":"%1$s МГц","other":"%1$s МГц"}},"length":{"astronomical-unit":{"_name":"а. о.","one":"%1$s а. о.","few":"%1$s а. о.","many":"%1$s а. о.","other":"%1$s а. о."},"centimeter":{"_name":"см","one":"%1$s см","few":"%1$s см","many":"%1$s см","other":"%1$s см"},"decimeter":{"_name":"дм","one":"%1$s дм","few":"%1$s дм","many":"%1$s дм","other":"%1$s дм"},"fathom":{"_name":"fm","other":"%1$s fm"},"foot":{"_name":"фут","one":"%1$s фут","few":"%1$s фути","many":"%1$s футів","other":"%1$s фута"},"furlong":{"_name":"fur","other":"%1$s fur"},"inch":{"_name":"дюйми","one":"%1$s дюйм","few":"%1$s дюйми","many":"%1$s дюймів","other":"%1$s дюйма"},"kilometer":{"_name":"км","one":"%1$s км","few":"%1$s км","many":"%1$s км","other":"%1$s км"},"light-year":{"_name":"св. р.","one":"%1$s св. р.","few":"%1$s св. р.","many":"%1$s св. р.","other":"%1$s св. р."},"meter":{"_name":"метр","one":"%1$s м","few":"%1$s м","many":"%1$s м","other":"%1$s м"},"micrometer":{"_name":"мкм","one":"%1$s мкм","few":"%1$s мкм","many":"%1$s мкм","other":"%1$s мкм"},"mile":{"_name":"милі","one":"%1$s миля","few":"%1$s милі","many":"%1$s миль","other":"%1$s милі"},"millimeter":{"_name":"мм","one":"%1$s мм","few":"%1$s мм","many":"%1$s мм","other":"%1$s мм"},"nanometer":{"_name":"нм","one":"%1$s нм","few":"%1$s нм","many":"%1$s нм","other":"%1$s нм"},"nautical-mile":{"_name":"м. милі","one":"%1$s м. милі","few":"%1$s м. милі","many":"%1$s м. милі","other":"%1$s м. милі"},"parsec":{"_name":"парсеки","one":"%1$s пк","few":"%1$s пк","many":"%1$s пк","other":"%1$s пк"},"picometer":{"_name":"пм","one":"%1$s пм","few":"%1$s пм","many":"%1$s пм","other":"%1$s пм"},"yard":{"_name":"ярди","one":"%1$s ярд","few":"%1$s ярди","many":"%1$s ярдів","other":"%1$s ярда"}},"light":{"lux":{"_name":"люкс","one":"%1$s лк","few":"%1$s лк","many":"%1$s лк","other":"%1$s лк"}},"mass":{"carat":{"_name":"карати","one":"%1$s кар","few":"%1$s кар","many":"%1$s кар","other":"%1$s кар"},"gram":{"_name":"грам","one":"%1$s г","few":"%1$s г","many":"%1$s г","other":"%1$s г"},"kilogram":{"_name":"кг","one":"%1$s кг","few":"%1$s кг","many":"%1$s кг","other":"%1$s кг"},"metric-ton":{"_name":"метр. т","one":"%1$s метр. т","few":"%1$s метр. т","many":"%1$s метр. т","other":"%1$s метр. т"},"microgram":{"_name":"мкг","one":"%1$s мкг","few":"%1$s мкг","many":"%1$s мкг","other":"%1$s мкг"},"milligram":{"_name":"мг","one":"%1$s мг","few":"%1$s мг","many":"%1$s мг","other":"%1$s мг"},"ounce":{"_name":"унції","one":"%1$s унція","few":"%1$s унції","many":"%1$s унцій","other":"%1$s унції"},"ounce-troy":{"_name":"тр. унції","one":"%1$s тр. унції","few":"%1$s тр. унції","many":"%1$s тр. унції","other":"%1$s тр. унції"},"pound":{"_name":"фунти","one":"%1$s фунт","few":"%1$s фунти","many":"%1$s фунтів","other":"%1$s фунта"},"stone":{"_name":"st","other":"%1$s st"},"ton":{"_name":"тонни","one":"%1$s т","few":"%1$s т","many":"%1$s т","other":"%1$s т"}},"power":{"gigawatt":{"_name":"ГВт","one":"%1$s ГВт","few":"%1$s ГВт","many":"%1$s ГВт","other":"%1$s ГВт"},"horsepower":{"_name":"к. с.","one":"%1$s к.с.","few":"%1$s к.с.","many":"%1$s к.с.","other":"%1$s к.с."},"kilowatt":{"_name":"кВт","one":"%1$s кВт","few":"%1$s кВт","many":"%1$s кВт","other":"%1$s кВт"},"megawatt":{"_name":"МВт","one":"%1$s МВт","few":"%1$s МВт","many":"%1$s МВт","other":"%1$s МВт"},"milliwatt":{"_name":"мВт","one":"%1$s мВт","few":"%1$s мВт","many":"%1$s мВт","other":"%1$s мВт"},"watt":{"_name":"вати","one":"%1$s Вт","few":"%1$s Вт","many":"%1$s Вт","other":"%1$s Вт"}},"pressure":{"hectopascal":{"_name":"гПа","one":"%1$s гПа","few":"%1$s гПа","many":"%1$s гПа","other":"%1$s гПа"},"inch-hg":{"_name":"дюйми рт. ст.","one":"%1$s inHg","few":"%1$s inHg","many":"%1$s inHg","other":"%1$s inHg"},"millibar":{"_name":"мбар","one":"%1$s мбар","few":"%1$s мбари","many":"%1$s мбарів","other":"%1$s мбара"},"millimeter-of-mercury":{"_name":"мм рт. ст.","one":"%1$s мм рт. ст.","few":"%1$s мм рт. ст.","many":"%1$s мм рт. ст.","other":"%1$s мм рт. ст."},"pound-per-square-inch":{"_name":"фунт/дюйм²","one":"%1$s фунта/дюйм²","few":"%1$s фунта/дюйм²","many":"%1$s фунта/дюйм²","other":"%1$s фунта/дюйм²"}},"proportion":{"karat":{"_name":"Карати","one":"%1$s Кар.","few":"%1$s Кар.","many":"%1$s Кар.","other":"%1$s Кар."}},"speed":{"kilometer-per-hour":{"_name":"км/год","one":"%1$s км/год","few":"%1$s км/год","many":"%1$s км/год","other":"%1$s км/год"},"meter-per-second":{"_name":"метри/с","one":"%1$s м/с","few":"%1$s м/с","many":"%1$s м/с","other":"%1$s м/с"},"mile-per-hour":{"_name":"милі/год","one":"%1$s миля/год","few":"%1$s милі/год","many":"%1$s миль/год","other":"%1$s милі/год"}},"temperature":{"celsius":{"_name":"°C","one":"%1$s°C","few":"%1$s°C","many":"%1$s°C","other":"%1$s°C"},"fahrenheit":{"_name":"градус Фаренгейта","one":"%1$s°F","few":"%1$s°F","many":"%1$s°F","other":"%1$s°F"},"kelvin":{"_name":"кельвін","one":"%1$s К","few":"%1$s К","many":"%1$s К","other":"%1$s К"}},"volume":{"acre-foot":{"_name":"акр-фути","one":"%1$s акр-фута","few":"%1$s акр-фута","many":"%1$s акр-фута","other":"%1$s акр-фута"},"bushel":{"_name":"bu","other":"%1$s bu"},"centiliter":{"_name":"сл","one":"%1$s сл","few":"%1$s сл","many":"%1$s сл","other":"%1$s сл"},"cubic-centimeter":{"_name":"см³","one":"%1$s см³","few":"%1$s см³","many":"%1$s см³","other":"%1$s см³"},"cubic-foot":{"_name":"фути³","one":"%1$s фута³","few":"%1$s фута³","many":"%1$s фута³","other":"%1$s фута³"},"cubic-inch":{"_name":"дюйми³","one":"%1$s дюйма³","few":"%1$s дюйма³","many":"%1$s дюйма³","other":"%1$s дюйма³"},"cubic-kilometer":{"_name":"км³","one":"%1$s км³","few":"%1$s км³","many":"%1$s км³","other":"%1$s км³"},"cubic-meter":{"_name":"м³","one":"%1$s м³","few":"%1$s м³","many":"%1$s м³","other":"%1$s м³"},"cubic-mile":{"_name":"милі³","one":"%1$s миля³","few":"%1$s милі³","many":"%1$s миль³","other":"%1$s милі³"},"cubic-yard":{"_name":"ярди³","one":"%1$s ярда³","few":"%1$s ярда³","many":"%1$s ярда³","other":"%1$s ярда³"},"cup":{"_name":"чашка","one":"%1$s чаш.","few":"%1$s чаш.","many":"%1$s чаш.","other":"%1$s чаш."},"deciliter":{"_name":"дл","one":"%1$s дл","few":"%1$s дл","many":"%1$s дл","other":"%1$s дл"},"fluid-ounce":{"_name":"рід. ун.","one":"%1$s рід. ун.","few":"%1$s рід. ун.","many":"%1$s рід. ун.","other":"%1$s рід. ун."},"gallon":{"_name":"гал.","one":"%1$s гал.","few":"%1$s гал.","many":"%1$s гал.","other":"%1$s гал."},"hectoliter":{"_name":"гл","one":"%1$s гл","few":"%1$s гл","many":"%1$s гл","other":"%1$s гл"},"liter":{"_name":"літр","one":"%1$s л","few":"%1$s л","many":"%1$s л","other":"%1$s л"},"megaliter":{"_name":"Мл","one":"%1$s Мл","few":"%1$s Мл","many":"%1$s Мл","other":"%1$s Мл"},"milliliter":{"_name":"мл","one":"%1$s мл","few":"%1$s мл","many":"%1$s мл","other":"%1$s мл"},"pint":{"_name":"пінти","one":"%1$s пінти","few":"%1$s пінти","many":"%1$s пінти","other":"%1$s пінти"},"quart":{"_name":"квар.","one":"%1$s квар.","few":"%1$s квар.","many":"%1$s квар.","other":"%1$s квар."},"tablespoon":{"_name":"ст. л.","one":"%1$s ст. л.","few":"%1$s ст. л.","many":"%1$s ст. л.","other":"%1$s ст. л."},"teaspoon":{"_name":"ч. л.","one":"%1$s ч. л.","few":"%1$s ч. л.","many":"%1$s ч. л.","other":"%1$s ч. л."}}},"_durationPattern":{"hm":"h:mm","hms":"h:mm:ss","ms":"m:ss"}}