{"era":{"displayName":"éra"},"year":{"displayName":"év","relative-type--1":"előző év","relative-type-0":"ez az év","relative-type-1":"következő év","relativeTime-type-future":{"relativeTimePattern-count-one":"{0} év múlva","relativeTimePattern-count-other":"{0} év múlva"},"relativeTime-type-past":{"relativeTimePattern-count-one":"{0} évvel ezelőtt","relativeTimePattern-count-other":"{0} évvel ezelőtt"}},"year-short":{"displayName":"év","relative-type--1":"előző év","relative-type-0":"ez az év","relative-type-1":"következő év","relativeTime-type-future":{"relativeTimePattern-count-one":"{0} év múlva","relativeTimePattern-count-other":"{0} év múlva"},"relativeTime-type-past":{"relativeTimePattern-count-one":"{0} évvel ezelőtt","relativeTimePattern-count-other":"{0} évvel ezelőtt"}},"year-narrow":{"displayName":"év","relative-type--1":"előző év","relative-type-0":"ez az év","relative-type-1":"következő év","relativeTime-type-future":{"relativeTimePattern-count-one":"{0} év múlva","relativeTimePattern-count-other":"{0} év múlva"},"relativeTime-type-past":{"relativeTimePattern-count-one":"{0} évvel ezelőtt","relativeTimePattern-count-other":"{0} évvel ezelőtt"}},"quarter":{"displayName":"negyedév","relative-type--1":"last quarter","relative-type-0":"this quarter","relative-type-1":"next quarter","relativeTime-type-future":{"relativeTimePattern-count-one":"{0} negyedév múlva","relativeTimePattern-count-other":"{0} negyedév múlva"},"relativeTime-type-past":{"relativeTimePattern-count-one":"{0} negyedévvel ezelőtt","relativeTimePattern-count-other":"{0} negyedévvel ezelőtt"}},"quarter-short":{"displayName":"negyedév","relative-type--1":"last quarter","relative-type-0":"this quarter","relative-type-1":"next quarter","relativeTime-type-future":{"relativeTimePattern-count-one":"{0} negyedév múlva","relativeTimePattern-count-other":"{0} negyedév múlva"},"relativeTime-type-past":{"relativeTimePattern-count-one":"{0} negyedévvel ezelőtt","relativeTimePattern-count-other":"{0} negyedévvel ezelőtt"}},"quarter-narrow":{"displayName":"negyedév","relative-type--1":"last quarter","relative-type-0":"this quarter","relative-type-1":"next quarter","relativeTime-type-future":{"relativeTimePattern-count-one":"{0} negyedév múlva","relativeTimePattern-count-other":"{0} negyedév múlva"},"relativeTime-type-past":{"relativeTimePattern-count-one":"{0} negyedévvel ezelőtt","relativeTimePattern-count-other":"{0} negyedévvel ezelőtt"}},"month":{"displayName":"hónap","relative-type--1":"előző hónap","relative-type-0":"ez a hónap","relative-type-1":"következő hónap","relativeTime-type-future":{"relativeTimePattern-count-one":"{0} hónap múlva","relativeTimePattern-count-other":"{0} hónap múlva"},"relativeTime-type-past":{"relativeTimePattern-count-one":"{0} hónappal ezelőtt","relativeTimePattern-count-other":"{0} hónappal ezelőtt"}},"month-short":{"displayName":"hónap","relative-type--1":"előző hónap","relative-type-0":"ez a hónap","relative-type-1":"következő hónap","relativeTime-type-future":{"relativeTimePattern-count-one":"{0} hónap múlva","relativeTimePattern-count-other":"{0} hónap múlva"},"relativeTime-type-past":{"relativeTimePattern-count-one":"{0} hónappal ezelőtt","relativeTimePattern-count-other":"{0} hónappal ezelőtt"}},"month-narrow":{"displayName":"hónap","relative-type--1":"előző hónap","relative-type-0":"ez a hónap","relative-type-1":"következő hónap","relativeTime-type-future":{"relativeTimePattern-count-one":"{0} hónap múlva","relativeTimePattern-count-other":"{0} hónap múlva"},"relativeTime-type-past":{"relativeTimePattern-count-one":"{0} hónappal ezelőtt","relativeTimePattern-count-other":"{0} hónappal ezelőtt"}},"week":{"displayName":"hét","relative-type--1":"előző hét","relative-type-0":"ez a hét","relative-type-1":"következő hét","relativeTime-type-future":{"relativeTimePattern-count-one":"{0} hét múlva","relativeTimePattern-count-other":"{0} hét múlva"},"relativeTime-type-past":{"relativeTimePattern-count-one":"{0} héttel ezelőtt","relativeTimePattern-count-other":"{0} héttel ezelőtt"}},"week-short":{"displayName":"hét","relative-type--1":"előző hét","relative-type-0":"ez a hét","relative-type-1":"következő hét","relativeTime-type-future":{"relativeTimePattern-count-one":"{0} hét múlva","relativeTimePattern-count-other":"{0} hét múlva"},"relativeTime-type-past":{"relativeTimePattern-count-one":"{0} héttel ezelőtt","relativeTimePattern-count-other":"{0} héttel ezelőtt"}},"week-narrow":{"displayName":"hét","relative-type--1":"előző hét","relative-type-0":"ez a hét","relative-type-1":"következő hét","relativeTime-type-future":{"relativeTimePattern-count-one":"{0} hét múlva","relativeTimePattern-count-other":"{0} hét múlva"},"relativeTime-type-past":{"relativeTimePattern-count-one":"{0} héttel ezelőtt","relativeTimePattern-count-other":"{0} héttel ezelőtt"}},"day":{"displayName":"nap","relative-type--1":"tegnap","relative-type--2":"tegnapelőtt","relative-type-0":"ma","relative-type-1":"holnap","relative-type-2":"holnapután","relativeTime-type-future":{"relativeTimePattern-count-one":"{0} nap múlva","relativeTimePattern-count-other":"{0} nap múlva"},"relativeTime-type-past":{"relativeTimePattern-count-one":"{0} nappal ezelőtt","relativeTimePattern-count-other":"{0} nappal ezelőtt"}},"day-short":{"displayName":"nap","relative-type--1":"tegnap","relative-type--2":"tegnapelőtt","relative-type-0":"ma","relative-type-1":"holnap","relative-type-2":"holnapután","relativeTime-type-future":{"relativeTimePattern-count-one":"{0} nap múlva","relativeTimePattern-count-other":"{0} nap múlva"},"relativeTime-type-past":{"relativeTimePattern-count-one":"{0} napja","relativeTimePattern-count-other":"{0} napja"}},"day-narrow":{"displayName":"nap","relative-type--1":"tegnap","relative-type--2":"tegnapelőtt","relative-type-0":"ma","relative-type-1":"holnap","relative-type-2":"holnapután","relativeTime-type-future":{"relativeTimePattern-count-one":"{0} nap múlva","relativeTimePattern-count-other":"{0} nap múlva"},"relativeTime-type-past":{"relativeTimePattern-count-one":"{0} napja","relativeTimePattern-count-other":"{0} napja"}},"weekday":{"displayName":"hét napja"},"sun":{"relative-type--1":"előző vasárnap","relative-type-0":"ez a vasárnap","relative-type-1":"következő vasárnap"},"sun-short":{"relative-type--1":"előző vasárnap","relative-type-0":"ez a vasárnap","relative-type-1":"következő vasárnap"},"sun-narrow":{"relative-type--1":"előző vasárnap","relative-type-0":"ez a vasárnap","relative-type-1":"következő vasárnap"},"mon":{"relative-type--1":"előző hétfő","relative-type-0":"ez a hétfő","relative-type-1":"következő hétfő"},"mon-short":{"relative-type--1":"előző hétfő","relative-type-0":"ez a hétfő","relative-type-1":"következő hétfő"},"mon-narrow":{"relative-type--1":"előző hétfő","relative-type-0":"ez a hétfő","relative-type-1":"következő hétfő"},"tue":{"relative-type--1":"előző kedd","relative-type-0":"ez a kedd","relative-type-1":"következő kedd"},"tue-short":{"relative-type--1":"előző kedd","relative-type-0":"ez a kedd","relative-type-1":"következő kedd"},"tue-narrow":{"relative-type--1":"előző kedd","relative-type-0":"ez a kedd","relative-type-1":"következő kedd"},"wed":{"relative-type--1":"előző szerda","relative-type-0":"ez a szerda","relative-type-1":"következő szerda"},"wed-short":{"relative-type--1":"előző szerda","relative-type-0":"ez a szerda","relative-type-1":"következő szerda"},"wed-narrow":{"relative-type--1":"előző szerda","relative-type-0":"ez a szerda","relative-type-1":"következő szerda"},"thu":{"relative-type--1":"előző csütörtök","relative-type-0":"ez a csütörtök","relative-type-1":"következő csütörtök"},"thu-short":{"relative-type--1":"előző csütörtök","relative-type-0":"ez a csütörtök","relative-type-1":"következő csütörtök"},"thu-narrow":{"relative-type--1":"előző csütörtök","relative-type-0":"ez a csütörtök","relative-type-1":"következő csütörtök"},"fri":{"relative-type--1":"előző péntek","relative-type-0":"ez a péntek","relative-type-1":"következő péntek"},"fri-short":{"relative-type--1":"előző péntek","relative-type-0":"ez a péntek","relative-type-1":"következő péntek"},"fri-narrow":{"relative-type--1":"előző péntek","relative-type-0":"ez a péntek","relative-type-1":"következő péntek"},"sat":{"relative-type--1":"előző szombat","relative-type-0":"ez a szombat","relative-type-1":"következő szombat"},"sat-short":{"relative-type--1":"előző szombat","relative-type-0":"ez a szombat","relative-type-1":"következő szombat"},"sat-narrow":{"relative-type--1":"előző szombat","relative-type-0":"ez a szombat","relative-type-1":"következő szombat"},"dayperiod":{"displayName":"napszak"},"hour":{"displayName":"óra","relativeTime-type-future":{"relativeTimePattern-count-one":"{0} óra múlva","relativeTimePattern-count-other":"{0} óra múlva"},"relativeTime-type-past":{"relativeTimePattern-count-one":"{0} órával ezelőtt","relativeTimePattern-count-other":"{0} órával ezelőtt"}},"hour-short":{"displayName":"óra","relativeTime-type-future":{"relativeTimePattern-count-one":"{0} óra múlva","relativeTimePattern-count-other":"{0} óra múlva"},"relativeTime-type-past":{"relativeTimePattern-count-one":"{0} órával ezelőtt","relativeTimePattern-count-other":"{0} órával ezelőtt"}},"hour-narrow":{"displayName":"óra","relativeTime-type-future":{"relativeTimePattern-count-one":"{0} óra múlva","relativeTimePattern-count-other":"{0} óra múlva"},"relativeTime-type-past":{"relativeTimePattern-count-one":"{0} órával ezelőtt","relativeTimePattern-count-other":"{0} órával ezelőtt"}},"minute":{"displayName":"perc","relativeTime-type-future":{"relativeTimePattern-count-one":"{0} perc múlva","relativeTimePattern-count-other":"{0} perc múlva"},"relativeTime-type-past":{"relativeTimePattern-count-one":"{0} perccel ezelőtt","relativeTimePattern-count-other":"{0} perccel ezelőtt"}},"minute-short":{"displayName":"perc","relativeTime-type-future":{"relativeTimePattern-count-one":"{0} perc múlva","relativeTimePattern-count-other":"{0} perc múlva"},"relativeTime-type-past":{"relativeTimePattern-count-one":"{0} perccel ezelőtt","relativeTimePattern-count-other":"{0} perccel ezelőtt"}},"minute-narrow":{"displayName":"perc","relativeTime-type-future":{"relativeTimePattern-count-one":"{0} perc múlva","relativeTimePattern-count-other":"{0} perc múlva"},"relativeTime-type-past":{"relativeTimePattern-count-one":"{0} perccel ezelőtt","relativeTimePattern-count-other":"{0} perccel ezelőtt"}},"second":{"displayName":"másodperc","relative-type-0":"most","relativeTime-type-future":{"relativeTimePattern-count-one":"{0} másodperc múlva","relativeTimePattern-count-other":"{0} másodperc múlva"},"relativeTime-type-past":{"relativeTimePattern-count-one":"{0} másodperccel ezelőtt","relativeTimePattern-count-other":"{0} másodperccel ezelőtt"}},"second-short":{"displayName":"másodperc","relative-type-0":"most","relativeTime-type-future":{"relativeTimePattern-count-one":"{0} másodperc múlva","relativeTimePattern-count-other":"{0} másodperc múlva"},"relativeTime-type-past":{"relativeTimePattern-count-one":"{0} másodperccel ezelőtt","relativeTimePattern-count-other":"{0} másodperccel ezelőtt"}},"second-narrow":{"displayName":"másodperc","relative-type-0":"most","relativeTime-type-future":{"relativeTimePattern-count-one":"{0} másodperc múlva","relativeTimePattern-count-other":"{0} másodperc múlva"},"relativeTime-type-past":{"relativeTimePattern-count-one":"{0} másodperccel ezelőtt","relativeTimePattern-count-other":"{0} másodperccel ezelőtt"}},"zone":{"displayName":"időzóna"}}