{"months":{"format":{"abbreviated":{"1":"jan","2":"feb","3":"mar","4":"apr","5":"máj","6":"jún","7":"júl","8":"aug","9":"sep","10":"okt","11":"nov","12":"dec"},"narrow":{"1":"j","2":"f","3":"m","4":"a","5":"m","6":"j","7":"j","8":"a","9":"s","10":"o","11":"n","12":"d"},"wide":{"1":"januára","2":"februára","3":"marca","4":"apríla","5":"mája","6":"júna","7":"júla","8":"augusta","9":"septembra","10":"októbra","11":"novembra","12":"decembra"}},"stand-alone":{"abbreviated":{"1":"jan","2":"feb","3":"mar","4":"apr","5":"máj","6":"jún","7":"júl","8":"aug","9":"sep","10":"okt","11":"nov","12":"dec"},"narrow":{"1":"j","2":"f","3":"m","4":"a","5":"m","6":"j","7":"j","8":"a","9":"s","10":"o","11":"n","12":"d"},"wide":{"1":"január","2":"február","3":"marec","4":"apríl","5":"máj","6":"jún","7":"júl","8":"august","9":"september","10":"október","11":"november","12":"december"}}},"days":{"format":{"abbreviated":{"sun":"ne","mon":"po","tue":"ut","wed":"st","thu":"št","fri":"pi","sat":"so"},"narrow":{"sun":"N","mon":"P","tue":"U","wed":"S","thu":"Š","fri":"P","sat":"S"},"short":{"sun":"Ne","mon":"Po","tue":"Ut","wed":"St","thu":"Št","fri":"Pi","sat":"So"},"wide":{"sun":"nedeľa","mon":"pondelok","tue":"utorok","wed":"streda","thu":"štvrtok","fri":"piatok","sat":"sobota"}},"stand-alone":{"abbreviated":{"sun":"ne","mon":"po","tue":"ut","wed":"st","thu":"št","fri":"pi","sat":"so"},"narrow":{"sun":"N","mon":"P","tue":"U","wed":"S","thu":"Š","fri":"P","sat":"S"},"short":{"sun":"Ne","mon":"Po","tue":"Ut","wed":"St","thu":"Št","fri":"Pi","sat":"So"},"wide":{"sun":"nedeľa","mon":"pondelok","tue":"utorok","wed":"streda","thu":"štvrtok","fri":"piatok","sat":"sobota"}}},"quarters":{"format":{"abbreviated":{"1":"Q1","2":"Q2","3":"Q3","4":"Q4"},"narrow":{"1":"1","2":"2","3":"3","4":"4"},"wide":{"1":"1. štvrťrok","2":"2. štvrťrok","3":"3. štvrťrok","4":"4. štvrťrok"}},"stand-alone":{"abbreviated":{"1":"Q1","2":"Q2","3":"Q3","4":"Q4"},"narrow":{"1":"1","2":"2","3":"3","4":"4"},"wide":{"1":"1. štvrťrok","2":"2. štvrťrok","3":"3. štvrťrok","4":"4. štvrťrok"}}},"dayPeriods":{"format":{"abbreviated":{"am":"dopoludnia","noon":"poludnie","pm":"odpoludnia"},"narrow":{"am":"dop.","noon":"pol.","pm":"odp."},"wide":{"am":"dopoludnia","noon":"poludnie","pm":"odpoludnia"}},"stand-alone":{"abbreviated":{"am":"dopoludnia","noon":"poludnie","pm":"odpoludnia"},"narrow":{"am":"dop.","noon":"pol.","pm":"odp."},"wide":{"am":"dopoludnia","noon":"poludnie","pm":"odpoludnia"}}},"eras":{"wide":{"0":"pred Kristom","0-alt-variant":"pred naším letopočtom","1":"po Kristovi","1-alt-variant":"nášho letopočtu"},"abbreviated":{"0":"pred Kr.","0-alt-variant":"pred n. l.","1":"po Kr.","1-alt-variant":"n. l."},"narrow":{"0":"pred Kr.","0-alt-variant":"pred n. l.","1":"po Kr.","1-alt-variant":"n. l."}},"dateFormats":{"full":"EEEE, d. MMMM y","long":"d. MMMM y","medium":"d. M. y","short":"dd.MM.yy"},"timeFormats":{"full":"H:mm:ss zzzz","long":"H:mm:ss z","medium":"H:mm:ss","short":"H:mm"},"dateTimeFormats":{"full":"%2$s, %1$s","long":"%2$s, %1$s","medium":"%2$s, %1$s","short":"%2$s %1$s"}}