{"era":{"displayName":"letopočet"},"year":{"displayName":"rok","relative-type--1":"minulý rok","relative-type-0":"tento rok","relative-type-1":"budúci rok","relativeTime-type-future":{"relativeTimePattern-count-one":"o {0} rok","relativeTimePattern-count-few":"o {0} roky","relativeTimePattern-count-many":"o {0} roka","relativeTimePattern-count-other":"o {0} rokov"},"relativeTime-type-past":{"relativeTimePattern-count-one":"pred {0} rokom","relativeTimePattern-count-few":"pred {0} rokmi","relativeTimePattern-count-many":"pred {0} rokom","relativeTimePattern-count-other":"pred {0} rokmi"}},"year-short":{"displayName":"r.","relative-type--1":"minulý rok","relative-type-0":"tento rok","relative-type-1":"budúci rok","relativeTime-type-future":{"relativeTimePattern-count-one":"o {0} r.","relativeTimePattern-count-few":"o {0} r.","relativeTimePattern-count-many":"o {0} r.","relativeTimePattern-count-other":"o {0} r."},"relativeTime-type-past":{"relativeTimePattern-count-one":"pred {0} r.","relativeTimePattern-count-few":"pred {0} r.","relativeTimePattern-count-many":"pred {0} r.","relativeTimePattern-count-other":"pred {0} r."}},"year-narrow":{"displayName":"r.","relative-type--1":"minulý rok","relative-type-0":"tento rok","relative-type-1":"budúci rok","relativeTime-type-future":{"relativeTimePattern-count-one":"o {0} r.","relativeTimePattern-count-few":"o {0} r.","relativeTimePattern-count-many":"o {0} r.","relativeTimePattern-count-other":"o {0} r."},"relativeTime-type-past":{"relativeTimePattern-count-one":"pred {0} r.","relativeTimePattern-count-few":"pred {0} r.","relativeTimePattern-count-many":"pred {0} r.","relativeTimePattern-count-other":"pred {0} r."}},"quarter":{"displayName":"štvrťrok","relative-type--1":"last quarter","relative-type-0":"this quarter","relative-type-1":"next quarter","relativeTime-type-future":{"relativeTimePattern-count-one":"o {0} štvrťrok","relativeTimePattern-count-few":"o {0} štvrťroky","relativeTimePattern-count-many":"o {0} štvrťroka","relativeTimePattern-count-other":"o {0} štvrťrokov"},"relativeTime-type-past":{"relativeTimePattern-count-one":"pred {0} štvrťrokom","relativeTimePattern-count-few":"pred {0} štvrťrokmi","relativeTimePattern-count-many":"pred {0} štvrťrokom","relativeTimePattern-count-other":"pred {0} štvrťrokmi"}},"quarter-short":{"displayName":"Q","relative-type--1":"last quarter","relative-type-0":"this quarter","relative-type-1":"next quarter","relativeTime-type-future":{"relativeTimePattern-count-one":"o {0} štvrťr.","relativeTimePattern-count-few":"o {0} štvrťr.","relativeTimePattern-count-many":"o {0} štvrťr.","relativeTimePattern-count-other":"o {0} štvrťr."},"relativeTime-type-past":{"relativeTimePattern-count-one":"pred {0} štvrťr.","relativeTimePattern-count-few":"pred {0} štvrťr.","relativeTimePattern-count-many":"pred {0} štvrťr.","relativeTimePattern-count-other":"pred {0} štvrťr."}},"quarter-narrow":{"displayName":"Q","relative-type--1":"last quarter","relative-type-0":"this quarter","relative-type-1":"next quarter","relativeTime-type-future":{"relativeTimePattern-count-one":"o {0} štvrťr.","relativeTimePattern-count-few":"o {0} štvrťr.","relativeTimePattern-count-many":"o {0} štvrťr.","relativeTimePattern-count-other":"o {0} štvrťr."},"relativeTime-type-past":{"relativeTimePattern-count-one":"pred {0} štvrťr.","relativeTimePattern-count-few":"pred {0} štvrťr.","relativeTimePattern-count-many":"pred {0} štvrťr.","relativeTimePattern-count-other":"pred {0} štvrťr."}},"month":{"displayName":"mesiac","relative-type--1":"minulý mesiac","relative-type-0":"tento mesiac","relative-type-1":"budúci mesiac","relativeTime-type-future":{"relativeTimePattern-count-one":"o {0} mesiac","relativeTimePattern-count-few":"o {0} mesiace","relativeTimePattern-count-many":"o {0} mesiaca","relativeTimePattern-count-other":"o {0} mesiacov"},"relativeTime-type-past":{"relativeTimePattern-count-one":"pred {0} mesiacom","relativeTimePattern-count-few":"pred {0} mesiacmi","relativeTimePattern-count-many":"pred {0} mesiacom","relativeTimePattern-count-other":"pred {0} mesiacmi"}},"month-short":{"displayName":"mes.","relative-type--1":"minulý mesiac","relative-type-0":"tento mesiac","relative-type-1":"budúci mesiac","relativeTime-type-future":{"relativeTimePattern-count-one":"o {0} mes.","relativeTimePattern-count-few":"o {0} mes.","relativeTimePattern-count-many":"o {0} mes.","relativeTimePattern-count-other":"o {0} mes."},"relativeTime-type-past":{"relativeTimePattern-count-one":"pred {0} mes.","relativeTimePattern-count-few":"pred {0} mes.","relativeTimePattern-count-many":"pred {0} mes.","relativeTimePattern-count-other":"pred {0} mes."}},"month-narrow":{"displayName":"mes.","relative-type--1":"minulý mesiac","relative-type-0":"tento mesiac","relative-type-1":"budúci mesiac","relativeTime-type-future":{"relativeTimePattern-count-one":"o {0} mes.","relativeTimePattern-count-few":"o {0} mes.","relativeTimePattern-count-many":"o {0} mes.","relativeTimePattern-count-other":"o {0} mes."},"relativeTime-type-past":{"relativeTimePattern-count-one":"pred {0} mes.","relativeTimePattern-count-few":"pred {0} mes.","relativeTimePattern-count-many":"pred {0} mes.","relativeTimePattern-count-other":"pred {0} mes."}},"week":{"displayName":"týždeň","relative-type--1":"minulý týždeň","relative-type-0":"tento týždeň","relative-type-1":"budúci týždeň","relativeTime-type-future":{"relativeTimePattern-count-one":"o {0} týždeň","relativeTimePattern-count-few":"o {0} týždne","relativeTimePattern-count-many":"o {0} týždňa","relativeTimePattern-count-other":"o {0} týždňov"},"relativeTime-type-past":{"relativeTimePattern-count-one":"pred {0} týždňom","relativeTimePattern-count-few":"pred {0} týždňami","relativeTimePattern-count-many":"pred {0} týždňom","relativeTimePattern-count-other":"pred {0} týždňami"}},"week-short":{"displayName":"týž.","relative-type--1":"minulý týždeň","relative-type-0":"tento týždeň","relative-type-1":"budúci týždeň","relativeTime-type-future":{"relativeTimePattern-count-one":"o {0} týž.","relativeTimePattern-count-few":"o {0} týž.","relativeTimePattern-count-many":"o {0} týž.","relativeTimePattern-count-other":"o {0} týž."},"relativeTime-type-past":{"relativeTimePattern-count-one":"pred {0} týž.","relativeTimePattern-count-few":"pred {0} týž.","relativeTimePattern-count-many":"pred {0} týž.","relativeTimePattern-count-other":"pred {0} týž."}},"week-narrow":{"displayName":"týž.","relative-type--1":"minulý týždeň","relative-type-0":"tento týždeň","relative-type-1":"budúci týždeň","relativeTime-type-future":{"relativeTimePattern-count-one":"o {0} týž.","relativeTimePattern-count-few":"o {0} týž.","relativeTimePattern-count-many":"o {0} týž.","relativeTimePattern-count-other":"o {0} týž."},"relativeTime-type-past":{"relativeTimePattern-count-one":"pred {0} týž.","relativeTimePattern-count-few":"pred {0} týž.","relativeTimePattern-count-many":"pred {0} týž.","relativeTimePattern-count-other":"pred {0} týž."}},"day":{"displayName":"deň","relative-type--1":"včera","relative-type--2":"predvčerom","relative-type-0":"dnes","relative-type-1":"zajtra","relative-type-2":"pozajtra","relativeTime-type-future":{"relativeTimePattern-count-one":"o {0} deň","relativeTimePattern-count-few":"o {0} dni","relativeTimePattern-count-many":"o {0} dňa","relativeTimePattern-count-other":"o {0} dní"},"relativeTime-type-past":{"relativeTimePattern-count-one":"pred {0} dňom","relativeTimePattern-count-few":"pred {0} dňami","relativeTimePattern-count-many":"pred {0} dňom","relativeTimePattern-count-other":"pred {0} dňami"}},"day-short":{"displayName":"d.","relative-type--1":"včera","relative-type--2":"predvčerom","relative-type-0":"dnes","relative-type-1":"zajtra","relative-type-2":"pozajtra","relativeTime-type-future":{"relativeTimePattern-count-one":"o {0} d.","relativeTimePattern-count-few":"o {0} d.","relativeTimePattern-count-many":"o {0} d.","relativeTimePattern-count-other":"o {0} d."},"relativeTime-type-past":{"relativeTimePattern-count-one":"pred {0} d.","relativeTimePattern-count-few":"pred {0} d.","relativeTimePattern-count-many":"pred {0} d.","relativeTimePattern-count-other":"pred {0} d."}},"day-narrow":{"displayName":"d.","relative-type--1":"včera","relative-type--2":"predvčerom","relative-type-0":"dnes","relative-type-1":"zajtra","relative-type-2":"pozajtra","relativeTime-type-future":{"relativeTimePattern-count-one":"o {0} d","relativeTimePattern-count-few":"o {0} d","relativeTimePattern-count-many":"o {0} d","relativeTimePattern-count-other":"o {0} d"},"relativeTime-type-past":{"relativeTimePattern-count-one":"pred {0} d","relativeTimePattern-count-few":"pred {0} d","relativeTimePattern-count-many":"pred {0} d","relativeTimePattern-count-other":"pred {0} d"}},"weekday":{"displayName":"deň v týždni"},"sun":{"relative-type--1":"minulú nedeľu","relative-type-0":"túto nedeľu","relative-type-1":"budúcu nedeľu"},"sun-short":{"relative-type--1":"minulú ned.","relative-type-0":"túto ned.","relative-type-1":"budúcu ned."},"sun-narrow":{"relative-type--1":"minulú ne.","relative-type-0":"túto ne.","relative-type-1":"budúcu ne."},"mon":{"relative-type--1":"minulý pondelok","relative-type-0":"tento pondelok","relative-type-1":"budúci pondelok"},"mon-short":{"relative-type--1":"minulý pond.","relative-type-0":"tento pond.","relative-type-1":"budúci pond."},"mon-narrow":{"relative-type--1":"minulý po.","relative-type-0":"tento po.","relative-type-1":"budúci po."},"tue":{"relative-type--1":"minulý utorok","relative-type-0":"tento utorok","relative-type-1":"budúci utorok"},"tue-short":{"relative-type--1":"minulý ut.","relative-type-0":"tento ut.","relative-type-1":"budúci ut."},"tue-narrow":{"relative-type--1":"minulý ut.","relative-type-0":"tento ut.","relative-type-1":"budúci ut."},"wed":{"relative-type--1":"minulú stredu","relative-type-0":"túto stredu","relative-type-1":"budúcu stredu"},"wed-short":{"relative-type--1":"minulú str.","relative-type-0":"túto str.","relative-type-1":"budúcu str."},"wed-narrow":{"relative-type--1":"minulú st.","relative-type-0":"túto st.","relative-type-1":"budúcu st."},"thu":{"relative-type--1":"minulý štvrtok","relative-type-0":"tento štvrtok","relative-type-1":"budúci štvrtok"},"thu-short":{"relative-type--1":"minulý št.","relative-type-0":"tento št.","relative-type-1":"budúci št."},"thu-narrow":{"relative-type--1":"minulý št.","relative-type-0":"tento št.","relative-type-1":"budúci št."},"fri":{"relative-type--1":"minulý piatok","relative-type-0":"tento piatok","relative-type-1":"budúci piatok"},"fri-short":{"relative-type--1":"minulý pi.","relative-type-0":"tento pi.","relative-type-1":"budúci pi."},"fri-narrow":{"relative-type--1":"minulý pi.","relative-type-0":"tento pi.","relative-type-1":"budúci pi."},"sat":{"relative-type--1":"minulú sobotu","relative-type-0":"túto sobotu","relative-type-1":"budúcu sobotu"},"sat-short":{"relative-type--1":"minulú so.","relative-type-0":"túto so.","relative-type-1":"budúcu so."},"sat-narrow":{"relative-type--1":"minulú so.","relative-type-0":"túto so.","relative-type-1":"budúcu so."},"dayperiod":{"displayName":"časť dňa"},"hour":{"displayName":"hodina","relativeTime-type-future":{"relativeTimePattern-count-one":"o {0} hodinu","relativeTimePattern-count-few":"o {0} hodiny","relativeTimePattern-count-many":"o {0} hodiny","relativeTimePattern-count-other":"o {0} hodín"},"relativeTime-type-past":{"relativeTimePattern-count-one":"pred {0} hodinou","relativeTimePattern-count-few":"pred {0} hodinami","relativeTimePattern-count-many":"pred {0} hodinou","relativeTimePattern-count-other":"pred {0} hodinami"}},"hour-short":{"displayName":"h","relativeTime-type-future":{"relativeTimePattern-count-one":"o {0} h","relativeTimePattern-count-few":"o {0} h","relativeTimePattern-count-many":"o {0} h","relativeTimePattern-count-other":"o {0} h"},"relativeTime-type-past":{"relativeTimePattern-count-one":"pred {0} h","relativeTimePattern-count-few":"pred {0} h","relativeTimePattern-count-many":"pred {0} h","relativeTimePattern-count-other":"pred {0} h"}},"hour-narrow":{"displayName":"h","relativeTime-type-future":{"relativeTimePattern-count-one":"o {0} h","relativeTimePattern-count-few":"o {0} h","relativeTimePattern-count-many":"o {0} h","relativeTimePattern-count-other":"o {0} h"},"relativeTime-type-past":{"relativeTimePattern-count-one":"pred {0} h","relativeTimePattern-count-few":"pred {0} h","relativeTimePattern-count-many":"pred {0} h","relativeTimePattern-count-other":"pred {0} h"}},"minute":{"displayName":"minúta","relativeTime-type-future":{"relativeTimePattern-count-one":"o {0} minútu","relativeTimePattern-count-few":"o {0} minúty","relativeTimePattern-count-many":"o {0} minúty","relativeTimePattern-count-other":"o {0} minút"},"relativeTime-type-past":{"relativeTimePattern-count-one":"pred {0} minútou","relativeTimePattern-count-few":"pred {0} minútami","relativeTimePattern-count-many":"pred {0} minútou","relativeTimePattern-count-other":"pred {0} minútami"}},"minute-short":{"displayName":"min","relativeTime-type-future":{"relativeTimePattern-count-one":"o {0} min","relativeTimePattern-count-few":"o {0} min","relativeTimePattern-count-many":"o {0} min","relativeTimePattern-count-other":"o {0} min"},"relativeTime-type-past":{"relativeTimePattern-count-one":"pred {0} min","relativeTimePattern-count-few":"pred {0} min","relativeTimePattern-count-many":"pred {0} min","relativeTimePattern-count-other":"pred {0} min"}},"minute-narrow":{"displayName":"min","relativeTime-type-future":{"relativeTimePattern-count-one":"o {0} min","relativeTimePattern-count-few":"o {0} min","relativeTimePattern-count-many":"o {0} min","relativeTimePattern-count-other":"o {0} min"},"relativeTime-type-past":{"relativeTimePattern-count-one":"pred {0} min","relativeTimePattern-count-few":"pred {0} min","relativeTimePattern-count-many":"pred {0} min","relativeTimePattern-count-other":"pred {0} min"}},"second":{"displayName":"sekunda","relative-type-0":"teraz","relativeTime-type-future":{"relativeTimePattern-count-one":"o {0} sekundu","relativeTimePattern-count-few":"o {0} sekundy","relativeTimePattern-count-many":"o {0} sekundy","relativeTimePattern-count-other":"o {0} sekúnd"},"relativeTime-type-past":{"relativeTimePattern-count-one":"pred {0} sekundou","relativeTimePattern-count-few":"pred {0} sekundami","relativeTimePattern-count-many":"Pred {0} sekundami","relativeTimePattern-count-other":"pred {0} sekundami"}},"second-short":{"displayName":"s","relative-type-0":"teraz","relativeTime-type-future":{"relativeTimePattern-count-one":"o {0} s","relativeTimePattern-count-few":"o {0} s","relativeTimePattern-count-many":"o {0} s","relativeTimePattern-count-other":"o {0} s"},"relativeTime-type-past":{"relativeTimePattern-count-one":"pred {0} s","relativeTimePattern-count-few":"pred {0} s","relativeTimePattern-count-many":"pred {0} s","relativeTimePattern-count-other":"pred {0} s"}},"second-narrow":{"displayName":"s","relative-type-0":"teraz","relativeTime-type-future":{"relativeTimePattern-count-one":"o {0} s","relativeTimePattern-count-few":"o {0} s","relativeTimePattern-count-many":"o {0} s","relativeTimePattern-count-other":"o {0} s"},"relativeTime-type-past":{"relativeTimePattern-count-one":"pred {0} s","relativeTimePattern-count-few":"pred {0} s","relativeTimePattern-count-many":"pred {0} s","relativeTimePattern-count-other":"pred {0} s"}},"zone":{"displayName":"časové pásmo"}}