{"long":{"_compoundPattern":"%1$s per %2$s","acceleration":{"g-force":{"_name":"g-force","one":"%1$s g-force","other":"%1$s g-force"},"meter-per-second-squared":{"_name":"metres per second squared","one":"%1$s metre per second squared","other":"%1$s metres per second squared"}},"angle":{"arc-minute":{"_name":"arcminutes","one":"%1$s arcminute","other":"%1$s arcminutes"},"arc-second":{"_name":"arcseconds","one":"%1$s arcsecond","other":"%1$s arcseconds"},"degree":{"_name":"degrees","one":"%1$s degree","other":"%1$s degrees"},"radian":{"_name":"radians","one":"%1$s radian","other":"%1$s radians"}},"area":{"acre":{"_name":"acres","one":"%1$s acre","other":"%1$s acres"},"hectare":{"_name":"hectares","one":"%1$s hectare","other":"%1$s hectares"},"square-centimeter":{"_name":"square centimetres","one":"%1$s square centimetre","other":"%1$s square centimetres"},"square-foot":{"_name":"square feet","one":"%1$s square foot","other":"%1$s square feet"},"square-inch":{"_name":"square inches","one":"%1$s square inch","other":"%1$s square inches"},"square-kilometer":{"_name":"square kilometres","one":"%1$s square kilometre","other":"%1$s square kilometres"},"square-meter":{"_name":"square metres","one":"%1$s square metre","other":"%1$s square metres"},"square-mile":{"_name":"square miles","one":"%1$s square mile","other":"%1$s square miles"},"square-yard":{"_name":"square yards","one":"%1$s square yard","other":"%1$s square yards"}},"consumption":{"liter-per-kilometer":{"_name":"litres per kilometre","one":"%1$s litre per kilometre","other":"%1$s litres per kilometre"},"mile-per-gallon":{"_name":"miles per gallon","one":"%1$s mile per gallon","other":"%1$s miles per gallon"}},"digital":{"bit":{"_name":"bits","one":"%1$s bit","other":"%1$s bits"},"byte":{"_name":"bytes","one":"%1$s byte","other":"%1$s bytes"},"gigabit":{"_name":"gigabits","one":"%1$s gigabit","other":"%1$s gigabits"},"gigabyte":{"_name":"gigabytes","one":"%1$s gigabyte","other":"%1$s gigabytes"},"kilobit":{"_name":"kilobits","one":"%1$s kilobit","other":"%1$s kilobits"},"kilobyte":{"_name":"kilobytes","one":"%1$s kilobyte","other":"%1$s kilobytes"},"megabit":{"_name":"megabits","one":"%1$s megabit","other":"%1$s megabits"},"megabyte":{"_name":"megabytes","one":"%1$s megabyte","other":"%1$s megabytes"},"terabit":{"_name":"terabits","one":"%1$s terabit","other":"%1$s terabits"},"terabyte":{"_name":"terabytes","one":"%1$s terabyte","other":"%1$s terabytes"}},"duration":{"day":{"_name":"days","one":"%1$s day","other":"%1$s days"},"hour":{"_name":"hours","one":"%1$s hour","other":"%1$s hours","_per":"%1$s per hour"},"microsecond":{"_name":"microseconds","one":"%1$s microsecond","other":"%1$s microseconds"},"millisecond":{"_name":"milliseconds","one":"%1$s millisecond","other":"%1$s milliseconds"},"minute":{"_name":"minutes","one":"%1$s minute","other":"%1$s minutes"},"month":{"_name":"months","one":"%1$s month","other":"%1$s months"},"nanosecond":{"_name":"nanoseconds","one":"%1$s nanosecond","other":"%1$s nanoseconds"},"second":{"_name":"seconds","one":"%1$s second","other":"%1$s seconds","_per":"%1$s per second"},"week":{"_name":"weeks","one":"%1$s week","other":"%1$s weeks"},"year":{"_name":"years","one":"%1$s year","other":"%1$s years"}},"electric":{"ampere":{"_name":"amperes","one":"%1$s ampere","other":"%1$s amperes"},"milliampere":{"_name":"milliamperes","one":"%1$s milliampere","other":"%1$s milliamperes"},"ohm":{"_name":"ohms","one":"%1$s ohm","other":"%1$s ohms"},"volt":{"_name":"volts","one":"%1$s volt","other":"%1$s volts"}},"energy":{"calorie":{"_name":"calories","one":"%1$s calorie","other":"%1$s calories"},"foodcalorie":{"_name":"Calories","one":"%1$s Calorie","other":"%1$s Calories"},"joule":{"_name":"joules","one":"%1$s joule","other":"%1$s joules"},"kilocalorie":{"_name":"kilocalories","one":"%1$s kilocalorie","other":"%1$s kilocalories"},"kilojoule":{"_name":"kilojoules","one":"%1$s kilojoule","other":"%1$s kilojoules"},"kilowatt-hour":{"_name":"kilowatt-hours","one":"%1$s kilowatt hour","other":"%1$s kilowatt-hours"}},"frequency":{"gigahertz":{"_name":"gigahertz","one":"%1$s gigahertz","other":"%1$s gigahertz"},"hertz":{"_name":"hertz","one":"%1$s hertz","other":"%1$s hertz"},"kilohertz":{"_name":"kilohertz","one":"%1$s kilohertz","other":"%1$s kilohertz"},"megahertz":{"_name":"megahertz","one":"%1$s megahertz","other":"%1$s megahertz"}},"length":{"astronomical-unit":{"_name":"astronomical units","one":"%1$s astronomical unit","other":"%1$s astronomical units"},"centimeter":{"_name":"centimetres","one":"%1$s centimetre","other":"%1$s centimetres"},"decimeter":{"_name":"decimetre","one":"%1$s decimetre","other":"%1$s decimetres"},"fathom":{"_name":"fathoms","one":"%1$s fathom","other":"%1$s fathoms"},"foot":{"_name":"feet","one":"%1$s foot","other":"%1$s feet"},"furlong":{"_name":"furlongs","one":"%1$s furlong","other":"%1$s furlongs"},"inch":{"_name":"inches","one":"%1$s inch","other":"%1$s inches"},"kilometer":{"_name":"kilometres","one":"%1$s kilometre","other":"%1$s kilometres"},"light-year":{"_name":"light years","one":"%1$s light year","other":"%1$s light years"},"meter":{"_name":"metres","one":"%1$s metre","other":"%1$s metres"},"micrometer":{"_name":"micrometre","one":"%1$s micrometre","other":"%1$s micrometres"},"mile":{"_name":"miles","one":"%1$s mile","other":"%1$s miles"},"millimeter":{"_name":"millimetres","one":"%1$s millimetre","other":"%1$s millimetres"},"nanometer":{"_name":"nanometres","one":"%1$s nanometre","other":"%1$s nanometres"},"nautical-mile":{"_name":"nautical miles","one":"%1$s nautical mile","other":"%1$s nautical miles"},"parsec":{"_name":"parsecs","one":"%1$s parsec","other":"%1$s parsecs"},"picometer":{"_name":"picometres","one":"%1$s picometre","other":"%1$s picometres"},"yard":{"_name":"yards","one":"%1$s yard","other":"%1$s yards"}},"light":{"lux":{"_name":"lux","one":"%1$s lux","other":"%1$s lux"}},"mass":{"carat":{"_name":"carats","one":"%1$s carat","other":"%1$s carats"},"gram":{"_name":"grams","one":"%1$s gram","other":"%1$s grams"},"kilogram":{"_name":"kilograms","one":"%1$s kilogram","other":"%1$s kilograms"},"metric-ton":{"_name":"tonnes","one":"tonne","other":"%1$s tonnes"},"microgram":{"_name":"micrograms","one":"%1$s microgram","other":"%1$s micrograms"},"milligram":{"_name":"milligrams","one":"%1$s milligram","other":"%1$s milligrams"},"ounce":{"_name":"ounces","one":"%1$s ounce","other":"%1$s ounces"},"ounce-troy":{"_name":"troy ounces","one":"%1$s troy ounce","other":"%1$s troy ounces"},"pound":{"_name":"pounds","one":"%1$s pound","other":"%1$s pounds"},"stone":{"_name":"stones","one":"%1$s stone","other":"%1$s stones"},"ton":{"_name":"tons","one":"%1$s ton","other":"%1$s tons"}},"power":{"gigawatt":{"_name":"gigawatts","one":"%1$s gigawatt","other":"%1$s gigawatts"},"horsepower":{"_name":"horsepower","one":"%1$s horsepower","other":"%1$s horsepower"},"kilowatt":{"_name":"kilowatts","one":"%1$s kilowatt","other":"%1$s kilowatts"},"megawatt":{"_name":"megawatts","one":"%1$s megawatt","other":"%1$s megawatts"},"milliwatt":{"_name":"milliwatts","one":"%1$s milliwatt","other":"%1$s milliwatts"},"watt":{"_name":"watts","one":"%1$s watt","other":"%1$s watts"}},"pressure":{"hectopascal":{"_name":"hectopascals","one":"%1$s hectopascal","other":"%1$s hectopascals"},"inch-hg":{"_name":"inches of mercury","one":"%1$s inch of mercury","other":"%1$s inches of mercury"},"millibar":{"_name":"millibars","one":"%1$s millibar","other":"%1$s millibars"},"millimeter-of-mercury":{"_name":"millimetres of mercury","one":"%1$s millimetre of mercury","other":"%1$s millimetres of mercury"},"pound-per-square-inch":{"_name":"pounds per square inch","one":"%1$s pound per square inch","other":"%1$s pounds per square inch"}},"proportion":{"karat":{"_name":"karats","one":"%1$s karat","other":"%1$s karats"}},"speed":{"kilometer-per-hour":{"_name":"kilometres per hour","one":"%1$s kilometre per hour","other":"%1$s kilometres per hour"},"meter-per-second":{"_name":"metres per second","one":"%1$s metre per second","other":"%1$s metres per second"},"mile-per-hour":{"_name":"miles per hour","one":"%1$s mile per hour","other":"%1$s miles per hour"}},"temperature":{"celsius":{"_name":"degrees Celsius","one":"%1$s degree Celsius","other":"%1$s degrees Celsius"},"fahrenheit":{"_name":"degrees Fahrenheit","one":"%1$s degree Fahrenheit","other":"%1$s degrees Fahrenheit"},"kelvin":{"_name":"kelvins","one":"%1$s kelvin","other":"%1$s kelvins"}},"volume":{"acre-foot":{"_name":"acre-feet","one":"%1$s acre-foot","other":"%1$s acre-feet"},"bushel":{"_name":"bushels","one":"%1$s bushel","other":"%1$s bushels"},"centiliter":{"_name":"centilitres","one":"%1$s centilitre","other":"%1$s centilitres"},"cubic-centimeter":{"_name":"cubic centimetres","one":"%1$s cubic centimetre","other":"%1$s cubic centimetres"},"cubic-foot":{"_name":"cubic feet","one":"%1$s cubic foot","other":"%1$s cubic feet"},"cubic-inch":{"_name":"cubic inches","one":"%1$s cubic inch","other":"%1$s cubic inches"},"cubic-kilometer":{"_name":"cubic kilometres","one":"%1$s cubic kilometre","other":"%1$s cubic kilometres"},"cubic-meter":{"_name":"cubic metres","one":"%1$s cubic metre","other":"%1$s cubic metres"},"cubic-mile":{"_name":"cubic miles","one":"%1$s cubic mile","other":"%1$s cubic miles"},"cubic-yard":{"_name":"cubic yards","one":"%1$s cubic yard","other":"%1$s cubic yards"},"cup":{"_name":"cups","one":"%1$s cup","other":"%1$s cups"},"deciliter":{"_name":"decilitres","one":"%1$s decilitre","other":"%1$s decilitres"},"fluid-ounce":{"_name":"fluid ounces","one":"%1$s fluid ounce","other":"%1$s fluid ounces"},"gallon":{"_name":"gallons","one":"%1$s gallon","other":"%1$s gallons"},"hectoliter":{"_name":"hectolitres","one":"%1$s hectolitre","other":"%1$s hectolitres"},"liter":{"_name":"litres","one":"%1$s litre","other":"%1$s litres"},"megaliter":{"_name":"megalitres","one":"%1$s megalitre","other":"%1$s megalitres"},"milliliter":{"_name":"millilitres","one":"%1$s millilitre","other":"%1$s millilitres"},"pint":{"_name":"pints","one":"%1$s pint","other":"%1$s pints"},"quart":{"_name":"quarts","one":"%1$s quart","other":"%1$s quarts"},"tablespoon":{"_name":"tablespoons","one":"%1$s tablespoon","other":"%1$s tablespoons"},"teaspoon":{"_name":"teaspoons","one":"%1$s teaspoon","other":"%1$s teaspoons"}}},"short":{"_compoundPattern":"%1$s/%2$s","acceleration":{"g-force":{"_name":"g-force","one":"%1$s G","other":"%1$s G"},"meter-per-second-squared":{"_name":"metres/sec²","one":"%1$s m/s²","other":"%1$s m/s²"}},"angle":{"arc-minute":{"_name":"arcmins","one":"%1$s arcmin","other":"%1$s arcmins"},"arc-second":{"_name":"arcsecs","one":"%1$s arcsec","other":"%1$s arcsecs"},"degree":{"_name":"degrees","one":"%1$s deg","other":"%1$s deg"},"radian":{"_name":"radians","one":"%1$s rad","other":"%1$s rad"}},"area":{"acre":{"_name":"acres","one":"%1$s ac","other":"%1$s ac"},"hectare":{"_name":"hectares","one":"%1$s ha","other":"%1$s ha"},"square-centimeter":{"_name":"cm²","one":"%1$s cm²","other":"%1$s cm²"},"square-foot":{"_name":"sq feet","one":"%1$s sq ft","other":"%1$s sq ft"},"square-inch":{"_name":"inches²","one":"%1$s in²","other":"%1$s in²"},"square-kilometer":{"_name":"km²","one":"%1$s km²","other":"%1$s km²"},"square-meter":{"_name":"meters²","one":"%1$s m²","other":"%1$s m²"},"square-mile":{"_name":"sq miles","one":"%1$s sq mi","other":"%1$s sq mi"},"square-yard":{"_name":"yards²","one":"%1$s yd²","other":"%1$s yd²"}},"consumption":{"liter-per-kilometer":{"_name":"litres/km","one":"%1$s L/km","other":"%1$s L/km"},"mile-per-gallon":{"_name":"miles/gal","one":"%1$s mpg","other":"%1$s mpg"}},"digital":{"bit":{"_name":"bit","one":"%1$s bit","other":"%1$s bit"},"byte":{"_name":"byte","one":"%1$s byte","other":"%1$s byte"},"gigabit":{"_name":"Gbit","one":"%1$s Gb","other":"%1$s Gb"},"gigabyte":{"_name":"GByte","one":"%1$s GB","other":"%1$s GB"},"kilobit":{"_name":"kbit","one":"%1$s kb","other":"%1$s kb"},"kilobyte":{"_name":"kByte","one":"%1$s kB","other":"%1$s kB"},"megabit":{"_name":"Mbit","one":"%1$s Mb","other":"%1$s Mb"},"megabyte":{"_name":"MByte","one":"%1$s MB","other":"%1$s MB"},"terabit":{"_name":"Tbit","one":"%1$s Tb","other":"%1$s Tb"},"terabyte":{"_name":"TByte","one":"%1$s TB","other":"%1$s TB"}},"duration":{"day":{"_name":"days","one":"%1$s day","other":"%1$s days"},"hour":{"_name":"hours","one":"%1$s hr","other":"%1$s hrs","_per":"%1$sph"},"microsecond":{"_name":"μsecs","one":"%1$s μs","other":"%1$s μs"},"millisecond":{"_name":"millisecs","one":"%1$s ms","other":"%1$s ms"},"minute":{"_name":"mins","one":"%1$s min","other":"%1$s mins"},"month":{"_name":"months","one":"%1$s mth","other":"%1$s mths"},"nanosecond":{"_name":"nanosecs","one":"%1$s ns","other":"%1$s ns"},"second":{"_name":"secs","one":"%1$s sec","other":"%1$s secs","_per":"%1$sps"},"week":{"_name":"weeks","one":"%1$s wk","other":"%1$s wks"},"year":{"_name":"years","one":"%1$s yr","other":"%1$s yrs"}},"electric":{"ampere":{"_name":"amps","one":"%1$s A","other":"%1$s A"},"milliampere":{"_name":"milliamps","one":"%1$s mA","other":"%1$s mA"},"ohm":{"_name":"ohms","one":"%1$s Ω","other":"%1$s Ω"},"volt":{"_name":"volts","one":"%1$s V","other":"%1$s V"}},"energy":{"calorie":{"_name":"cal","one":"%1$s cal","other":"%1$s cal"},"foodcalorie":{"_name":"Cal","one":"%1$s Cal","other":"%1$s Cal"},"joule":{"_name":"joules","one":"%1$s J","other":"%1$s J"},"kilocalorie":{"_name":"kcal","one":"%1$s kcal","other":"%1$s kcal"},"kilojoule":{"_name":"kilojoule","one":"%1$s kJ","other":"%1$s kJ"},"kilowatt-hour":{"_name":"kW-hour","one":"%1$s kWh","other":"%1$s kWh"}},"frequency":{"gigahertz":{"_name":"GHz","one":"%1$s GHz","other":"%1$s GHz"},"hertz":{"_name":"Hz","one":"%1$s Hz","other":"%1$s Hz"},"kilohertz":{"_name":"kHz","one":"%1$s kHz","other":"%1$s kHz"},"megahertz":{"_name":"MHz","one":"%1$s MHz","other":"%1$s MHz"}},"length":{"astronomical-unit":{"_name":"au","one":"%1$s au","other":"%1$s au"},"centimeter":{"_name":"centimetres","one":"%1$s cm","other":"%1$s cm"},"decimeter":{"_name":"dm","one":"%1$s dm","other":"%1$s dm"},"fathom":{"_name":"fathoms","one":"%1$s fm","other":"%1$s fm"},"foot":{"_name":"feet","one":"%1$s ft","other":"%1$s ft"},"furlong":{"_name":"furlongs","one":"%1$s fur","other":"%1$s fur"},"inch":{"_name":"inches","one":"%1$s in","other":"%1$s in"},"kilometer":{"_name":"km","one":"%1$s km","other":"%1$s km"},"light-year":{"_name":"light yrs","one":"%1$s ly","other":"%1$s ly"},"meter":{"_name":"metres","one":"%1$s m","other":"%1$s m"},"micrometer":{"_name":"µmetres","one":"%1$s µm","other":"%1$s µm"},"mile":{"_name":"miles","one":"%1$s mi","other":"%1$s mi"},"millimeter":{"_name":"mm","one":"%1$s mm","other":"%1$s mm"},"nanometer":{"_name":"nm","one":"%1$s nm","other":"%1$s nm"},"nautical-mile":{"_name":"nmi","one":"%1$s nmi","other":"%1$s nmi"},"parsec":{"_name":"parsecs","one":"%1$s pc","other":"%1$s pc"},"picometer":{"_name":"pm","one":"%1$s pm","other":"%1$s pm"},"yard":{"_name":"yards","one":"%1$s yd","other":"%1$s yd"}},"light":{"lux":{"_name":"lux","one":"%1$s lx","other":"%1$s lx"}},"mass":{"carat":{"_name":"carats","one":"%1$s CD","other":"%1$s CD"},"gram":{"_name":"grams","one":"%1$s g","other":"%1$s g"},"kilogram":{"_name":"kg","one":"%1$s kg","other":"%1$s kg"},"metric-ton":{"_name":"t","one":"%1$s t","other":"%1$s t"},"microgram":{"_name":"µg","one":"%1$s µg","other":"%1$s µg"},"milligram":{"_name":"mg","one":"%1$s mg","other":"%1$s mg"},"ounce":{"_name":"oz","one":"%1$s oz","other":"%1$s oz"},"ounce-troy":{"_name":"oz troy","one":"%1$s oz t","other":"%1$s oz t"},"pound":{"_name":"pounds","one":"%1$s lb","other":"%1$s lb"},"stone":{"_name":"stones","one":"%1$s st","other":"%1$s st"},"ton":{"_name":"tons","one":"%1$s tn","other":"%1$s tn"}},"power":{"gigawatt":{"_name":"GW","one":"%1$s GW","other":"%1$s GW"},"horsepower":{"_name":"hp","one":"%1$s hp","other":"%1$s hp"},"kilowatt":{"_name":"kW","one":"%1$s kW","other":"%1$s kW"},"megawatt":{"_name":"MW","one":"%1$s MW","other":"%1$s MW"},"milliwatt":{"_name":"mW","one":"%1$s mW","other":"%1$s mW"},"watt":{"_name":"watts","one":"%1$s W","other":"%1$s W"}},"pressure":{"hectopascal":{"_name":"hPa","one":"%1$s hPa","other":"%1$s hPa"},"inch-hg":{"_name":"in Hg","one":"%1$s inHg","other":"%1$s inHg"},"millibar":{"_name":"mbar","one":"%1$s mbar","other":"%1$s mbar"},"millimeter-of-mercury":{"_name":"mm Hg","one":"%1$s mm Hg","other":"%1$s mm Hg"},"pound-per-square-inch":{"_name":"psi","one":"%1$s psi","other":"%1$s psi"}},"proportion":{"karat":{"_name":"karats","one":"%1$s kt","other":"%1$s kt"}},"speed":{"kilometer-per-hour":{"_name":"kilometres per hour","one":"%1$s kph","other":"%1$s kph"},"meter-per-second":{"_name":"metres per second","one":"%1$s m/s","other":"%1$s m/s"},"mile-per-hour":{"_name":"miles/hour","one":"%1$s mph","other":"%1$s mph"}},"temperature":{"celsius":{"_name":"deg. C","one":"%1$s°C","other":"%1$s°C"},"fahrenheit":{"_name":"deg. F","one":"%1$s°F","other":"%1$s°F"},"kelvin":{"_name":"K","one":"%1$s K","other":"%1$s K"}},"volume":{"acre-foot":{"_name":"acre ft","one":"%1$s ac ft","other":"%1$s ac ft"},"bushel":{"_name":"bushels","one":"%1$s bu","other":"%1$s bu"},"centiliter":{"_name":"cL","one":"%1$s cL","other":"%1$s cL"},"cubic-centimeter":{"_name":"cm³","one":"%1$s cm³","other":"%1$s cm³"},"cubic-foot":{"_name":"feet³","one":"%1$s ft³","other":"%1$s ft³"},"cubic-inch":{"_name":"inches³","one":"%1$s in³","other":"%1$s in³"},"cubic-kilometer":{"_name":"km³","one":"%1$s km³","other":"%1$s km³"},"cubic-meter":{"_name":"m³","one":"%1$s m³","other":"%1$s m³"},"cubic-mile":{"_name":"mi³","one":"%1$s mi³","other":"%1$s mi³"},"cubic-yard":{"_name":"yards³","one":"%1$s yd³","other":"%1$s yd³"},"cup":{"_name":"cups","one":"%1$s c","other":"%1$s c"},"deciliter":{"_name":"dL","one":"%1$s dL","other":"%1$s dL"},"fluid-ounce":{"_name":"fl oz","one":"%1$s fl oz","other":"%1$s fl oz"},"gallon":{"_name":"gal","one":"%1$s gal","other":"%1$s gal"},"hectoliter":{"_name":"hL","one":"%1$s hL","other":"%1$s hL"},"liter":{"_name":"litres","one":"%1$s l","other":"%1$s l"},"megaliter":{"_name":"ML","one":"%1$s ML","other":"%1$s ML"},"milliliter":{"_name":"mL","one":"%1$s mL","other":"%1$s mL"},"pint":{"_name":"pints","one":"%1$s pt","other":"%1$s pt"},"quart":{"_name":"qts","one":"%1$s qt","other":"%1$s qt"},"tablespoon":{"_name":"tbsp","one":"%1$s tbsp","other":"%1$s tbsp"},"teaspoon":{"_name":"tsp","one":"%1$s tsp","other":"%1$s tsp"}}},"narrow":{"_compoundPattern":"%1$s/%2$s","acceleration":{"g-force":{"_name":"g-force","one":"%1$sG","other":"%1$sG"},"meter-per-second-squared":{"_name":"m/s²","one":"%1$sm/s²","other":"%1$sm/s²"}},"angle":{"arc-minute":{"_name":"arcmin","one":"%1$s′","other":"%1$s′"},"arc-second":{"_name":"arcsec","one":"%1$s″","other":"%1$s″"},"degree":{"_name":"deg","one":"%1$s°","other":"%1$s°"},"radian":{"_name":"rad","one":"%1$srad","other":"%1$srad"}},"area":{"acre":{"_name":"acre","one":"%1$sac","other":"%1$sac"},"hectare":{"_name":"hectare","one":"%1$sha","other":"%1$sha"},"square-centimeter":{"_name":"cm²","one":"%1$scm²","other":"%1$scm²"},"square-foot":{"_name":"ft²","one":"%1$sft²","other":"%1$sft²"},"square-inch":{"_name":"in²","one":"%1$sin²","other":"%1$sin²"},"square-kilometer":{"_name":"km²","one":"%1$s km²","other":"%1$s km²"},"square-meter":{"_name":"meters²","one":"%1$s m²","other":"%1$s m²"},"square-mile":{"_name":"mi²","one":"%1$smi²","other":"%1$smi²"},"square-yard":{"_name":"yd²","one":"%1$syd²","other":"%1$syd²"}},"consumption":{"liter-per-kilometer":{"_name":"L/km","one":"%1$sL/km","other":"%1$sL/km"},"mile-per-gallon":{"_name":"mpg","one":"%1$smpg","other":"%1$smpg"}},"digital":{"bit":{"_name":"bit","one":"%1$sbit","other":"%1$sbit"},"byte":{"_name":"byte","one":"%1$sbyte","other":"%1$sbyte"},"gigabit":{"_name":"Gbit","one":"%1$sGb","other":"%1$sGb"},"gigabyte":{"_name":"GByte","one":"%1$sGB","other":"%1$sGB"},"kilobit":{"_name":"kbit","one":"%1$skb","other":"%1$skb"},"kilobyte":{"_name":"kByte","one":"%1$skB","other":"%1$skB"},"megabit":{"_name":"Mbit","one":"%1$sMb","other":"%1$sMb"},"megabyte":{"_name":"MByte","one":"%1$sMB","other":"%1$sMB"},"terabit":{"_name":"Tbit","one":"%1$sTb","other":"%1$sTb"},"terabyte":{"_name":"TByte","one":"%1$sTB","other":"%1$sTB"}},"duration":{"day":{"_name":"day","one":"%1$sd","other":"%1$sd"},"hour":{"_name":"hour","one":"%1$sh","other":"%1$sh","_per":"%1$s/h"},"microsecond":{"_name":"μsec","one":"%1$sμs","other":"%1$sμs"},"millisecond":{"_name":"msec","one":"%1$s ms","other":"%1$s ms"},"minute":{"_name":"min","one":"%1$sm","other":"%1$sm"},"month":{"_name":"month","one":"%1$sm","other":"%1$sm"},"nanosecond":{"_name":"ns","one":"%1$sns","other":"%1$sns"},"second":{"_name":"sec","one":"%1$ss","other":"%1$ss","_per":"%1$s/s"},"week":{"_name":"wk","one":"%1$sw","other":"%1$sw"},"year":{"_name":"yr","one":"%1$sy","other":"%1$sy"}},"electric":{"ampere":{"_name":"amp","one":"%1$sA","other":"%1$sA"},"milliampere":{"_name":"mA","one":"%1$smA","other":"%1$smA"},"ohm":{"_name":"ohm","one":"%1$sΩ","other":"%1$sΩ"},"volt":{"_name":"volt","one":"%1$sV","other":"%1$sV"}},"energy":{"calorie":{"_name":"cal","one":"%1$scal","other":"%1$scal"},"foodcalorie":{"_name":"Cal","one":"%1$sCal","other":"%1$sCal"},"joule":{"_name":"joule","one":"%1$sJ","other":"%1$sJ"},"kilocalorie":{"_name":"kcal","one":"%1$skcal","other":"%1$skcal"},"kilojoule":{"_name":"kJ","one":"%1$skJ","other":"%1$skJ"},"kilowatt-hour":{"_name":"kWh","one":"%1$skWh","other":"%1$skWh"}},"frequency":{"gigahertz":{"_name":"GHz","one":"%1$sGHz","other":"%1$sGHz"},"hertz":{"_name":"Hz","one":"%1$sHz","other":"%1$sHz"},"kilohertz":{"_name":"kHz","one":"%1$skHz","other":"%1$skHz"},"megahertz":{"_name":"MHz","one":"%1$sMHz","other":"%1$sMHz"}},"length":{"astronomical-unit":{"_name":"au","one":"%1$sau","other":"%1$sau"},"centimeter":{"_name":"cm","one":"%1$scm","other":"%1$scm"},"decimeter":{"_name":"dm","one":"%1$sdm","other":"%1$sdm"},"fathom":{"_name":"fathom","one":"%1$sfm","other":"%1$sfm"},"foot":{"_name":"ft","one":"%1$s′","other":"%1$s′"},"furlong":{"_name":"furlong","one":"%1$sfur","other":"%1$sfur"},"inch":{"_name":"in","one":"%1$s″","other":"%1$s″"},"kilometer":{"_name":"km","one":"%1$skm","other":"%1$skm"},"light-year":{"_name":"ly","one":"%1$sly","other":"%1$sly"},"meter":{"_name":"meter","one":"%1$sm","other":"%1$sm"},"micrometer":{"_name":"µm","one":"%1$sµm","other":"%1$sµm"},"mile":{"_name":"mi","one":"%1$smi","other":"%1$smi"},"millimeter":{"_name":"mm","one":"%1$smm","other":"%1$smm"},"nanometer":{"_name":"nm","one":"%1$snm","other":"%1$snm"},"nautical-mile":{"_name":"nmi","one":"%1$snmi","other":"%1$snmi"},"parsec":{"_name":"parsec","one":"%1$spc","other":"%1$spc"},"picometer":{"_name":"pm","one":"%1$spm","other":"%1$spm"},"yard":{"_name":"yd","one":"%1$syd","other":"%1$syd"}},"light":{"lux":{"_name":"lux","one":"%1$slx","other":"%1$slx"}},"mass":{"carat":{"_name":"carat","one":"%1$sCD","other":"%1$sCD"},"gram":{"_name":"gram","one":"%1$sg","other":"%1$sg"},"kilogram":{"_name":"kg","one":"%1$skg","other":"%1$skg"},"metric-ton":{"_name":"t","one":"%1$st","other":"%1$st"},"microgram":{"_name":"µg","one":"%1$sµg","other":"%1$sµg"},"milligram":{"_name":"mg","one":"%1$smg","other":"%1$smg"},"ounce":{"_name":"oz","one":"%1$soz","other":"%1$soz"},"ounce-troy":{"_name":"oz t","one":"%1$soz t","other":"%1$soz t"},"pound":{"_name":"lb","one":"%1$slb","other":"%1$slb"},"stone":{"_name":"stone","one":"%1$sst","other":"%1$sst"},"ton":{"_name":"ton","one":"%1$stn","other":"%1$stn"}},"power":{"gigawatt":{"_name":"GW","one":"%1$sGW","other":"%1$sGW"},"horsepower":{"_name":"hp","one":"%1$shp","other":"%1$shp"},"kilowatt":{"_name":"kW","one":"%1$skW","other":"%1$skW"},"megawatt":{"_name":"MW","one":"%1$sMW","other":"%1$sMW"},"milliwatt":{"_name":"mW","one":"%1$smW","other":"%1$smW"},"watt":{"_name":"watt","one":"%1$sW","other":"%1$sW"}},"pressure":{"hectopascal":{"_name":"hPa","one":"%1$shPa","other":"%1$shPa"},"inch-hg":{"_name":"″ Hg","one":"%1$s\" Hg","other":"%1$s\" Hg"},"millibar":{"_name":"mbar","one":"%1$smb","other":"%1$smb"},"millimeter-of-mercury":{"_name":"mm Hg","one":"%1$smm Hg","other":"%1$smm Hg"},"pound-per-square-inch":{"_name":"psi","one":"%1$spsi","other":"%1$spsi"}},"proportion":{"karat":{"_name":"karat","one":"%1$skt","other":"%1$skt"}},"speed":{"kilometer-per-hour":{"_name":"km/hr","one":"%1$skph","other":"%1$skph"},"meter-per-second":{"_name":"m/s","one":"%1$sm/s","other":"%1$sm/s"},"mile-per-hour":{"_name":"mi/hr","one":"%1$smph","other":"%1$smph"}},"temperature":{"celsius":{"_name":"°C","one":"%1$s°","other":"%1$s°"},"fahrenheit":{"_name":"°F","one":"%1$s°F","other":"%1$s°F"},"kelvin":{"_name":"K","one":"%1$sK","other":"%1$sK"}},"volume":{"acre-foot":{"_name":"acre ft","one":"%1$sac ft","other":"%1$sac ft"},"bushel":{"_name":"bushel","one":"%1$sbu","other":"%1$sbu"},"centiliter":{"_name":"cL","one":"%1$scL","other":"%1$scL"},"cubic-centimeter":{"_name":"cm³","one":"%1$scm³","other":"%1$scm³"},"cubic-foot":{"_name":"ft³","one":"%1$sft³","other":"%1$sft³"},"cubic-inch":{"_name":"in³","one":"%1$sin³","other":"%1$sin³"},"cubic-kilometer":{"_name":"km³","one":"%1$skm³","other":"%1$skm³"},"cubic-meter":{"_name":"m³","one":"%1$sm³","other":"%1$sm³"},"cubic-mile":{"_name":"mi³","one":"%1$smi³","other":"%1$smi³"},"cubic-yard":{"_name":"yd³","one":"%1$syd³","other":"%1$syd³"},"cup":{"_name":"cup","one":"%1$sc","other":"%1$sc"},"deciliter":{"_name":"dL","one":"%1$sdL","other":"%1$sdL"},"fluid-ounce":{"_name":"fl oz","one":"%1$sfl oz","other":"%1$sfl oz"},"gallon":{"_name":"gal","one":"%1$sgal","other":"%1$sgal"},"hectoliter":{"_name":"hL","one":"%1$shL","other":"%1$shL"},"liter":{"_name":"litre","one":"%1$sl","other":"%1$sl"},"megaliter":{"_name":"ML","one":"%1$sML","other":"%1$sML"},"milliliter":{"_name":"mL","one":"%1$smL","other":"%1$smL"},"pint":{"_name":"pt","one":"%1$spt","other":"%1$spt"},"quart":{"_name":"qt","one":"%1$sqt","other":"%1$sqt"},"tablespoon":{"_name":"tbsp","one":"%1$stbsp","other":"%1$stbsp"},"teaspoon":{"_name":"tsp","one":"%1$stsp","other":"%1$stsp"}}},"_durationPattern":{"hm":"h:mm","hms":"h:mm:ss","ms":"m:ss"}}