{"months":{"format":{"abbreviated":{"1":"Jan","2":"Feb","3":"Mar","4":"Apr","5":"May","6":"Jun","7":"Jul","8":"Aug","9":"Sep","10":"Oct","11":"Nov","12":"Dec"},"narrow":{"1":"J","2":"F","3":"M","4":"A","5":"M","6":"J","7":"J","8":"A","9":"S","10":"O","11":"N","12":"D"},"wide":{"1":"January","2":"February","3":"March","4":"April","5":"May","6":"June","7":"July","8":"August","9":"September","10":"October","11":"November","12":"December"}},"stand-alone":{"abbreviated":{"1":"Jan","2":"Feb","3":"Mar","4":"Apr","5":"May","6":"Jun","7":"Jul","8":"Aug","9":"Sep","10":"Oct","11":"Nov","12":"Dec"},"narrow":{"1":"J","2":"F","3":"M","4":"A","5":"M","6":"J","7":"J","8":"A","9":"S","10":"O","11":"N","12":"D"},"wide":{"1":"January","2":"February","3":"March","4":"April","5":"May","6":"June","7":"July","8":"August","9":"September","10":"October","11":"November","12":"December"}}},"days":{"format":{"abbreviated":{"sun":"Sun","mon":"Mon","tue":"Tue","wed":"Wed","thu":"Thu","fri":"Fri","sat":"Sat"},"narrow":{"sun":"S","mon":"M","tue":"T","wed":"W","thu":"T","fri":"F","sat":"S"},"short":{"sun":"Su","mon":"Mo","tue":"Tu","wed":"We","thu":"Th","fri":"Fr","sat":"Sa"},"wide":{"sun":"Sunday","mon":"Monday","tue":"Tuesday","wed":"Wednesday","thu":"Thursday","fri":"Friday","sat":"Saturday"}},"stand-alone":{"abbreviated":{"sun":"Sun","mon":"Mon","tue":"Tue","wed":"Wed","thu":"Thu","fri":"Fri","sat":"Sat"},"narrow":{"sun":"S","mon":"M","tue":"T","wed":"W","thu":"T","fri":"F","sat":"S"},"short":{"sun":"Su","mon":"Mo","tue":"Tu","wed":"We","thu":"Th","fri":"Fr","sat":"Sa"},"wide":{"sun":"Sunday","mon":"Monday","tue":"Tuesday","wed":"Wednesday","thu":"Thursday","fri":"Friday","sat":"Saturday"}}},"quarters":{"format":{"abbreviated":{"1":"Q1","2":"Q2","3":"Q3","4":"Q4"},"narrow":{"1":"1","2":"2","3":"3","4":"4"},"wide":{"1":"1st quarter","2":"2nd quarter","3":"3rd quarter","4":"4th quarter"}},"stand-alone":{"abbreviated":{"1":"Q1","2":"Q2","3":"Q3","4":"Q4"},"narrow":{"1":"1","2":"2","3":"3","4":"4"},"wide":{"1":"1st quarter","2":"2nd quarter","3":"3rd quarter","4":"4th quarter"}}},"dayPeriods":{"format":{"abbreviated":{"am":"am","am-alt-variant":"am","noon":"noon","pm":"pm","pm-alt-variant":"pm"},"narrow":{"am":"a","noon":"n","pm":"p"},"wide":{"am":"am","am-alt-variant":"am","noon":"noon","pm":"pm","pm-alt-variant":"pm"}},"stand-alone":{"abbreviated":{"am":"am","am-alt-variant":"am","noon":"noon","pm":"pm","pm-alt-variant":"pm"},"narrow":{"am":"a","noon":"n","pm":"p"},"wide":{"am":"am","am-alt-variant":"am","noon":"noon","pm":"pm","pm-alt-variant":"pm"}}},"eras":{"wide":{"0":"Before Christ","0-alt-variant":"Before Common Era","1":"Anno Domini","1-alt-variant":"Common Era"},"abbreviated":{"0":"BC","0-alt-variant":"BCE","1":"AD","1-alt-variant":"CE"},"narrow":{"0":"B","0-alt-variant":"BCE","1":"A","1-alt-variant":"CE"}},"dateFormats":{"full":"EEEE, d MMMM y","long":"d MMMM y","medium":"d MMM y","short":"d/M/y"},"timeFormats":{"full":"h:mm:ss a zzzz","long":"h:mm:ss a z","medium":"h:mm:ss a","short":"h:mm a"},"dateTimeFormats":{"full":"%2$s 'at' %1$s","long":"%2$s 'at' %1$s","medium":"%2$s, %1$s","short":"%2$s, %1$s"}}