{"long":{"_compoundPattern":"%1$s per %2$s","acceleration":{"g-force":{"_name":"G gyorsulás","one":"%1$s G gyorsulás","other":"%1$s G gyorsulás"},"meter-per-second-squared":{"_name":"méter per másodpercnégyzet","one":"%1$s méter per másodpercnégyzet","other":"%1$s méter per másodpercnégyzet"}},"angle":{"arc-minute":{"_name":"ívperc","one":"%1$s ívperc","other":"%1$s ívperc"},"arc-second":{"_name":"ívmásodperc","one":"%1$s ívmásodperc","other":"%1$s ívmásodperc"},"degree":{"_name":"fok","one":"%1$s fok","other":"%1$s fok"},"radian":{"_name":"radián","one":"%1$s radián","other":"%1$s radián"}},"area":{"acre":{"_name":"hold","one":"%1$s hold","other":"%1$s hold"},"hectare":{"_name":"hektár","one":"%1$s hektár","other":"%1$s hektár"},"square-centimeter":{"_name":"négyzetcentiméter","one":"%1$s négyzetcentiméter","other":"%1$s négyzetcentiméter"},"square-foot":{"_name":"négyzetláb","one":"%1$s négyzetláb","other":"%1$s négyzetláb"},"square-inch":{"_name":"négyzethüvelyk","one":"%1$s négyzethüvelyk","other":"%1$s négyzethüvelyk"},"square-kilometer":{"_name":"négyzetkilométer","one":"%1$s négyzetkilométer","other":"%1$s négyzetkilométer"},"square-meter":{"_name":"négyzetméter","one":"%1$s négyzetméter","other":"%1$s négyzetméter"},"square-mile":{"_name":"négyzetmérföld","one":"%1$s négyzetmérföld","other":"%1$s négyzetmérföld"},"square-yard":{"_name":"négyzetyard","one":"%1$s négyzetyard","other":"%1$s négyzetyard"}},"consumption":{"liter-per-kilometer":{"_name":"liter per kilométer","one":"%1$s liter per kilométer","other":"%1$s liter per kilométer"},"mile-per-gallon":{"_name":"mérföld per gallon","one":"%1$s mérföld per gallon","other":"%1$s mérföld per gallon"}},"digital":{"bit":{"_name":"bit","one":"%1$s bit","other":"%1$s bit"},"byte":{"_name":"bájt","one":"%1$s bájt","other":"%1$s bájt"},"gigabit":{"_name":"gigabit","one":"%1$s gigabit","other":"%1$s gigabit"},"gigabyte":{"_name":"gigabájt","one":"%1$s gigabájt","other":"%1$s gigabájt"},"kilobit":{"_name":"kilobit","one":"%1$s kilobit","other":"%1$s kilobit"},"kilobyte":{"_name":"kilobájt","one":"%1$s kilobájt","other":"%1$s kilobájt"},"megabit":{"_name":"megabit","one":"%1$s megabit","other":"%1$s megabit"},"megabyte":{"_name":"megabájt","one":"%1$s megabájt","other":"%1$s megabájt"},"terabit":{"_name":"terabit","one":"%1$s terabit","other":"%1$s terabit"},"terabyte":{"_name":"terabájt","one":"%1$s terabájt","other":"%1$s terabájt"}},"duration":{"day":{"_name":"nap","one":"%1$s nap","other":"%1$s nap"},"hour":{"_name":"óra","one":"%1$s óra","other":"%1$s óra","_per":"%1$s/óra"},"microsecond":{"_name":"mikroszekundum","one":"%1$s mikroszekundum","other":"%1$s mikroszekundum"},"millisecond":{"_name":"ezredmásodperc","one":"%1$s ezredmásodperc","other":"%1$s ezredmásodperc"},"minute":{"_name":"perc","one":"%1$s perc","other":"%1$s perc"},"month":{"_name":"hónap","one":"%1$s hónap","other":"%1$s hónap"},"nanosecond":{"_name":"nanoszekundum","one":"%1$s nanoszekundum","other":"%1$s nanoszekundum"},"second":{"_name":"másodperc","one":"%1$s másodperc","other":"%1$s másodperc","_per":"%1$s/másodperc"},"week":{"_name":"hét","one":"%1$s hét","other":"%1$s hét"},"year":{"_name":"év","one":"%1$s év","other":"%1$s év"}},"electric":{"ampere":{"_name":"amper","one":"%1$s amper","other":"%1$s amper"},"milliampere":{"_name":"milliamper","one":"%1$s milliamper","other":"%1$s milliamper"},"ohm":{"_name":"ohm","one":"%1$s ohm","other":"%1$s ohm"},"volt":{"_name":"volt","one":"%1$s volt","other":"%1$s volt"}},"energy":{"calorie":{"_name":"kalória","one":"%1$s kalória","other":"%1$s kalória"},"foodcalorie":{"_name":"kalória","one":"%1$s kalória","other":"%1$s kalória"},"joule":{"_name":"joule","one":"%1$s joule","other":"%1$s joule"},"kilocalorie":{"_name":"kilokalória","one":"%1$s kilokalória","other":"%1$s kilokalória"},"kilojoule":{"_name":"kilojoule","one":"%1$s kilojoule","other":"%1$s kilojoule"},"kilowatt-hour":{"_name":"kilowattóra","one":"%1$s kilowattóra","other":"%1$s kilowattóra"}},"frequency":{"gigahertz":{"_name":"gigahertz","one":"%1$s gigahertz","other":"%1$s gigahertz"},"hertz":{"_name":"hertz","one":"%1$s hertz","other":"%1$s hertz"},"kilohertz":{"_name":"kilohertz","one":"%1$s kilohertz","other":"%1$s kilohertz"},"megahertz":{"_name":"megahertz","one":"%1$s megahertz","other":"%1$s megahertz"}},"length":{"astronomical-unit":{"_name":"csillagászati egység","one":"%1$s csillagászati egység","other":"%1$s csillagászati egység"},"centimeter":{"_name":"centiméter","one":"%1$s centiméter","other":"%1$s centiméter"},"decimeter":{"_name":"deciméter","one":"%1$s deciméter","other":"%1$s deciméter"},"fathom":{"_name":"fm","other":"%1$s fm"},"foot":{"_name":"láb","one":"%1$s láb","other":"%1$s láb"},"furlong":{"_name":"fur","other":"%1$s fur"},"inch":{"_name":"hüvelyk","one":"%1$s hüvelyk","other":"%1$s hüvelyk"},"kilometer":{"_name":"kilométer","one":"%1$s kilométer","other":"%1$s kilométer"},"light-year":{"_name":"fényév","one":"%1$s fényév","other":"%1$s fényév"},"meter":{"_name":"méter","one":"%1$s méter","other":"%1$s méter"},"micrometer":{"_name":"mikrométer","one":"%1$s mikrométer","other":"%1$s mikrométer"},"mile":{"_name":"mérföld","one":"%1$s mérföld","other":"%1$s mérföld"},"millimeter":{"_name":"milliméter","one":"%1$s milliméter","other":"%1$s milliméter"},"nanometer":{"_name":"nanométer","one":"%1$s nanométer","other":"%1$s nanométer"},"nautical-mile":{"_name":"tengeri mérföld","one":"%1$s tengeri mérföld","other":"%1$s tengeri mérföld"},"parsec":{"_name":"parszek","one":"%1$s parszek","other":"%1$s parszek"},"picometer":{"_name":"pikométer","one":"%1$s pikométer","other":"%1$s pikométer"},"yard":{"_name":"yard","one":"%1$s yard","other":"%1$s yard"}},"light":{"lux":{"_name":"lux","one":"%1$s lux","other":"%1$s lux"}},"mass":{"carat":{"_name":"karát","one":"%1$s karát","other":"%1$s karát"},"gram":{"_name":"gramm","one":"%1$s gramm","other":"%1$s gramm"},"kilogram":{"_name":"kilogramm","one":"%1$s kilogramm","other":"%1$s kilogramm"},"metric-ton":{"_name":"metrikus tonna","one":"%1$s metrikus tonna","other":"%1$s metrikus tonna"},"microgram":{"_name":"mikrogramm","one":"%1$s mikrogramm","other":"%1$s mikrogramm"},"milligram":{"_name":"milligramm","one":"%1$s milligramm","other":"%1$s milligramm"},"ounce":{"_name":"uncia","one":"%1$s uncia","other":"%1$s uncia"},"ounce-troy":{"_name":"troy uncia","one":"%1$s troy uncia","other":"%1$s troy uncia"},"pound":{"_name":"font","one":"%1$s font","other":"%1$s font"},"stone":{"_name":"st","other":"%1$s st"},"ton":{"_name":"tonna","one":"%1$s tonna","other":"%1$s tonna"}},"power":{"gigawatt":{"_name":"gigawatt","one":"%1$s gigawatt","other":"%1$s gigawatt"},"horsepower":{"_name":"lóerő","one":"%1$s lóerő","other":"%1$s lóerő"},"kilowatt":{"_name":"kilowatt","one":"%1$s kilowatt","other":"%1$s kilowatt"},"megawatt":{"_name":"megawatt","one":"%1$s megawatt","other":"%1$s megawatt"},"milliwatt":{"_name":"milliwatt","one":"%1$s milliwatt","other":"%1$s milliwatt"},"watt":{"_name":"watt","one":"%1$s watt","other":"%1$s watt"}},"pressure":{"hectopascal":{"_name":"hektopascal","one":"%1$s hektopascal","other":"%1$s hektopascal"},"inch-hg":{"_name":"higanyhüvelyk","one":"%1$s higanyhüvelyk","other":"%1$s higanyhüvelyk"},"millibar":{"_name":"millibar","one":"%1$s millibar","other":"%1$s millibar"},"millimeter-of-mercury":{"_name":"mm Hg","one":"%1$s higanymilliméter","other":"%1$s higanymilliméter"},"pound-per-square-inch":{"_name":"font per négyzethüvelyk","one":"%1$s font per négyzethüvelyk","other":"%1$s font per négyzethüvelyk"}},"proportion":{"karat":{"_name":"karát","one":"%1$s karát","other":"%1$s karát"}},"speed":{"kilometer-per-hour":{"_name":"kilométer per óra","one":"%1$s kilométer per óra","other":"%1$s kilométer per óra"},"meter-per-second":{"_name":"méter per másodperc","one":"%1$s méter per másodperc","other":"%1$s méter per másodperc"},"mile-per-hour":{"_name":"mérföld per óra","one":"%1$s mérföld per óra","other":"%1$s mérföld per óra"}},"temperature":{"celsius":{"_name":"Celsius-fok","one":"%1$s Celsius-fok","other":"%1$s Celsius-fok"},"fahrenheit":{"_name":"Fahrenheit-fok","one":"%1$s Fahrenheit-fok","other":"%1$s Fahrenheit-fok"},"kelvin":{"_name":"kelvin","one":"%1$s kelvin","other":"%1$s kelvin"}},"volume":{"acre-foot":{"_name":"hold-láb","one":"%1$s hold-láb","other":"%1$s hold-láb"},"bushel":{"_name":"bu","other":"%1$s bu"},"centiliter":{"_name":"centiliter","one":"%1$s centiliter","other":"%1$s centiliter"},"cubic-centimeter":{"_name":"köbcentiméter","one":"%1$s köbcentiméter","other":"%1$s köbcentiméter"},"cubic-foot":{"_name":"köbláb","one":"%1$s köbláb","other":"%1$s köbláb"},"cubic-inch":{"_name":"köbhüvelyk","one":"%1$s köbhüvelyk","other":"%1$s köbhüvelyk"},"cubic-kilometer":{"_name":"köbkilométer","one":"%1$s köbkilométer","other":"%1$s köbkilométer"},"cubic-meter":{"_name":"köbméter","one":"%1$s köbméter","other":"%1$s köbméter"},"cubic-mile":{"_name":"köbmérföld","one":"%1$s köbmérföld","other":"%1$s köbmérföld"},"cubic-yard":{"_name":"köbyard","one":"%1$s köbyard","other":"%1$s köbyard"},"cup":{"_name":"csésze","one":"%1$s csésze","other":"%1$s csésze"},"deciliter":{"_name":"deciliter","one":"%1$s deciliter","other":"%1$s deciliter"},"fluid-ounce":{"_name":"folyadékuncia","one":"%1$s folyadékuncia","other":"%1$s folyadékuncia"},"gallon":{"_name":"gallon","one":"%1$s gallon","other":"%1$s gallon"},"hectoliter":{"_name":"hektoliter","one":"%1$s hektoliter","other":"%1$s hektoliter"},"liter":{"_name":"liter","one":"%1$s liter","other":"%1$s liter"},"megaliter":{"_name":"megaliter","one":"%1$s megaliter","other":"%1$s megaliter"},"milliliter":{"_name":"milliliter","one":"%1$s milliliter","other":"%1$s milliliter"},"pint":{"_name":"pint","one":"%1$s pint","other":"%1$s pint"},"quart":{"_name":"quart","one":"%1$s quart","other":"%1$s quart"},"tablespoon":{"_name":"evőkanál","one":"%1$s evőkanál","other":"%1$s evőkanál"},"teaspoon":{"_name":"kávéskanál","one":"%1$s kávéskanál","other":"%1$s kávéskanál"}}},"short":{"_compoundPattern":"%1$s/%2$s","acceleration":{"g-force":{"_name":"G gyorsulás","one":"%1$s G","other":"%1$s G"},"meter-per-second-squared":{"_name":"m/s²","one":"%1$s m/s²","other":"%1$s m/s²"}},"angle":{"arc-minute":{"_name":"ívperc","one":"%1$s′","other":"%1$s′"},"arc-second":{"_name":"ívmásodperc","one":"%1$s″","other":"%1$s″"},"degree":{"_name":"fok","one":"%1$s fok","other":"%1$s fok"},"radian":{"_name":"rad","one":"%1$s rad","other":"%1$s rad"}},"area":{"acre":{"_name":"kh","one":"%1$s kh","other":"%1$s kh"},"hectare":{"_name":"ha","one":"%1$s ha","other":"%1$s ha"},"square-centimeter":{"_name":"cm²","one":"%1$s cm²","other":"%1$s cm²"},"square-foot":{"_name":"ft²","one":"%1$s ft²","other":"%1$s ft²"},"square-inch":{"_name":"in²","one":"%1$s in²","other":"%1$s in²"},"square-kilometer":{"_name":"km²","one":"%1$s km²","other":"%1$s km²"},"square-meter":{"_name":"m²","one":"%1$s m²","other":"%1$s m²"},"square-mile":{"_name":"mf²","one":"%1$s mf²","other":"%1$s mf²"},"square-yard":{"_name":"yd²","one":"%1$s yd²","other":"%1$s yd²"}},"consumption":{"liter-per-kilometer":{"_name":"l/km","one":"%1$s l/km","other":"%1$s l/km"},"mile-per-gallon":{"_name":"mpg","one":"%1$s mpg","other":"%1$s mpg"}},"digital":{"bit":{"_name":"bit","one":"%1$s bit","other":"%1$s bit"},"byte":{"_name":"bájt","one":"%1$s bájt","other":"%1$s bájt"},"gigabit":{"_name":"Gb","one":"%1$s Gb","other":"%1$s Gb"},"gigabyte":{"_name":"GB","one":"%1$s GB","other":"%1$s GB"},"kilobit":{"_name":"kb","one":"%1$s kb","other":"%1$s kb"},"kilobyte":{"_name":"kB","one":"%1$s kB","other":"%1$s kB"},"megabit":{"_name":"Mb","one":"%1$s Mb","other":"%1$s Mb"},"megabyte":{"_name":"MB","one":"%1$s MB","other":"%1$s MB"},"terabit":{"_name":"Tb","one":"%1$s Tb","other":"%1$s Tb"},"terabyte":{"_name":"TB","one":"%1$s TB","other":"%1$s TB"}},"duration":{"day":{"_name":"nap","one":"%1$s nap","other":"%1$s nap"},"hour":{"_name":"h","one":"%1$s h","other":"%1$s h","_per":"%1$s/h"},"microsecond":{"_name":"μs","one":"%1$s μs","other":"%1$s μs"},"millisecond":{"_name":"ms","one":"%1$s ms","other":"%1$s ms"},"minute":{"_name":"min","one":"%1$s min","other":"%1$s min"},"month":{"_name":"hónap","one":"%1$s hónap","other":"%1$s hónap"},"nanosecond":{"_name":"ns","one":"%1$s ns","other":"%1$s ns"},"second":{"_name":"s","one":"%1$s s","other":"%1$s s","_per":"%1$s/s"},"week":{"_name":"hét","one":"%1$s hét","other":"%1$s hét"},"year":{"_name":"év","one":"%1$s év","other":"%1$s év"}},"electric":{"ampere":{"_name":"A","one":"%1$s A","other":"%1$s A"},"milliampere":{"_name":"mA","one":"%1$s mA","other":"%1$s mA"},"ohm":{"_name":"Ω","one":"%1$s Ω","other":"%1$s Ω"},"volt":{"_name":"V","one":"%1$s V","other":"%1$s V"}},"energy":{"calorie":{"_name":"cal","one":"%1$s cal","other":"%1$s cal"},"foodcalorie":{"_name":"cal","one":"%1$s cal","other":"%1$s cal"},"joule":{"_name":"J","one":"%1$s J","other":"%1$s J"},"kilocalorie":{"_name":"kcal","one":"%1$s kcal","other":"%1$s kcal"},"kilojoule":{"_name":"kJ","one":"%1$s kJ","other":"%1$s kJ"},"kilowatt-hour":{"_name":"kWh","one":"%1$s kWh","other":"%1$s kWh"}},"frequency":{"gigahertz":{"_name":"GHz","one":"%1$s GHz","other":"%1$s GHz"},"hertz":{"_name":"Hz","one":"%1$s Hz","other":"%1$s Hz"},"kilohertz":{"_name":"kHz","one":"%1$s kHz","other":"%1$s kHz"},"megahertz":{"_name":"MHz","one":"%1$s MHz","other":"%1$s MHz"}},"length":{"astronomical-unit":{"_name":"CsE","one":"%1$s CsE","other":"%1$s CsE"},"centimeter":{"_name":"cm","one":"%1$s cm","other":"%1$s cm"},"decimeter":{"_name":"dm","one":"%1$s dm","other":"%1$s dm"},"fathom":{"_name":"fm","other":"%1$s fm"},"foot":{"_name":"láb","one":"%1$s láb","other":"%1$s láb"},"furlong":{"_name":"fur","other":"%1$s fur"},"inch":{"_name":"hüvelyk","one":"%1$s hüvelyk","other":"%1$s hüvelyk"},"kilometer":{"_name":"km","one":"%1$s km","other":"%1$s km"},"light-year":{"_name":"fényév","one":"%1$s fényév","other":"%1$s fényév"},"meter":{"_name":"m","one":"%1$s m","other":"%1$s m"},"micrometer":{"_name":"µm","one":"%1$s µm","other":"%1$s µm"},"mile":{"_name":"mf","one":"%1$s mf","other":"%1$s mf"},"millimeter":{"_name":"mm","one":"%1$s mm","other":"%1$s mm"},"nanometer":{"_name":"nm","one":"%1$s nm","other":"%1$s nm"},"nautical-mile":{"_name":"nmi","one":"%1$s nmi","other":"%1$s nmi"},"parsec":{"_name":"pc","one":"%1$s pc","other":"%1$s pc"},"picometer":{"_name":"pm","one":"%1$s pm","other":"%1$s pm"},"yard":{"_name":"yd","one":"%1$s yd","other":"%1$s yd"}},"light":{"lux":{"_name":"lx","one":"%1$s lx","other":"%1$s lx"}},"mass":{"carat":{"_name":"Kt","one":"%1$s Kt","other":"%1$s Kt"},"gram":{"_name":"g","one":"%1$s g","other":"%1$s g"},"kilogram":{"_name":"kg","one":"%1$s kg","other":"%1$s kg"},"metric-ton":{"_name":"t","one":"%1$s t","other":"%1$s t"},"microgram":{"_name":"µg","one":"%1$s µg","other":"%1$s µg"},"milligram":{"_name":"mg","one":"%1$s mg","other":"%1$s mg"},"ounce":{"_name":"oz","one":"%1$s oz","other":"%1$s oz"},"ounce-troy":{"_name":"oz t","one":"%1$s oz t","other":"%1$s oz t"},"pound":{"_name":"lb","one":"%1$s lb","other":"%1$s lb"},"stone":{"_name":"st","other":"%1$s st"},"ton":{"_name":"tn","one":"%1$s tn","other":"%1$s tn"}},"power":{"gigawatt":{"_name":"GW","one":"%1$s GW","other":"%1$s GW"},"horsepower":{"_name":"LE","one":"%1$s LE","other":"%1$s LE"},"kilowatt":{"_name":"kW","one":"%1$s kW","other":"%1$s kW"},"megawatt":{"_name":"MW","one":"%1$s MW","other":"%1$s MW"},"milliwatt":{"_name":"mW","one":"%1$s mW","other":"%1$s mW"},"watt":{"_name":"W","one":"%1$s W","other":"%1$s W"}},"pressure":{"hectopascal":{"_name":"hPa","one":"%1$s hPa","other":"%1$s hPa"},"inch-hg":{"_name":"inHg","one":"%1$s inHg","other":"%1$s inHg"},"millibar":{"_name":"mbar","one":"%1$s mb","other":"%1$s mb"},"millimeter-of-mercury":{"_name":"mm Hg","one":"%1$s mm Hg","other":"%1$s mm Hg"},"pound-per-square-inch":{"_name":"psi","one":"%1$s psi","other":"%1$s psi"}},"proportion":{"karat":{"_name":"kt","one":"%1$s kt","other":"%1$s kt"}},"speed":{"kilometer-per-hour":{"_name":"km/h","one":"%1$s km/h","other":"%1$s km/h"},"meter-per-second":{"_name":"m/s","one":"%1$s m/s","other":"%1$s m/s"},"mile-per-hour":{"_name":"mph","one":"%1$s mph","other":"%1$s mph"}},"temperature":{"celsius":{"_name":"°C","one":"%1$s °C","other":"%1$s °C"},"fahrenheit":{"_name":"°F","one":"%1$s °F","other":"%1$s °F"},"kelvin":{"_name":"K","one":"%1$s K","other":"%1$s K"}},"volume":{"acre-foot":{"_name":"ac ft","one":"%1$s ac ft","other":"%1$s ac ft"},"bushel":{"_name":"bu","other":"%1$s bu"},"centiliter":{"_name":"cl","one":"%1$s cl","other":"%1$s cl"},"cubic-centimeter":{"_name":"cm³","one":"%1$s cm³","other":"%1$s cm³"},"cubic-foot":{"_name":"ft³","one":"%1$s ft³","other":"%1$s ft³"},"cubic-inch":{"_name":"in³","one":"%1$s in³","other":"%1$s in³"},"cubic-kilometer":{"_name":"km³","one":"%1$s km³","other":"%1$s km³"},"cubic-meter":{"_name":"m³","one":"%1$s m³","other":"%1$s m³"},"cubic-mile":{"_name":"mi³","one":"%1$s mi³","other":"%1$s mi³"},"cubic-yard":{"_name":"yd³","one":"%1$s yd³","other":"%1$s yd³"},"cup":{"_name":"cs.","one":"%1$s cs.","other":"%1$s cs."},"deciliter":{"_name":"dl","one":"%1$s dl","other":"%1$s dl"},"fluid-ounce":{"_name":"fl oz","one":"%1$s fl oz","other":"%1$s fl oz"},"gallon":{"_name":"gal","one":"%1$s gal","other":"%1$s gal"},"hectoliter":{"_name":"hl","one":"%1$s hl","other":"%1$s hl"},"liter":{"_name":"l","one":"%1$s l","other":"%1$s l"},"megaliter":{"_name":"Ml","one":"%1$s Ml","other":"%1$s Ml"},"milliliter":{"_name":"ml","one":"%1$s ml","other":"%1$s ml"},"pint":{"_name":"pt","one":"%1$s pt","other":"%1$s pt"},"quart":{"_name":"qt","one":"%1$s qt","other":"%1$s qt"},"tablespoon":{"_name":"ek.","one":"%1$s ek.","other":"%1$s ek."},"teaspoon":{"_name":"kk.","one":"%1$s kk.","other":"%1$s kk."}}},"narrow":{"_compoundPattern":"%1$s/%2$s","acceleration":{"g-force":{"_name":"G gyorsulás","one":"%1$s G","other":"%1$s G"},"meter-per-second-squared":{"_name":"m/s²","one":"%1$s m/s²","other":"%1$s m/s²"}},"angle":{"arc-minute":{"_name":"ívperc","one":"%1$s′","other":"%1$s′"},"arc-second":{"_name":"ívmásodperc","one":"%1$s″","other":"%1$s″"},"degree":{"_name":"fok","one":"%1$s°","other":"%1$s°"},"radian":{"_name":"rad","one":"%1$s rad","other":"%1$s rad"}},"area":{"acre":{"_name":"kh","one":"%1$s ac","other":"%1$s ac"},"hectare":{"_name":"ha","one":"%1$s ha","other":"%1$s ha"},"square-centimeter":{"_name":"cm²","one":"%1$s cm²","other":"%1$s cm²"},"square-foot":{"_name":"ft²","one":"%1$s ft²","other":"%1$s ft²"},"square-inch":{"_name":"in²","one":"%1$s in²","other":"%1$s in²"},"square-kilometer":{"_name":"km²","one":"%1$s km²","other":"%1$s km²"},"square-meter":{"_name":"m²","one":"%1$s m²","other":"%1$s m²"},"square-mile":{"_name":"mf²","one":"%1$s mi²","other":"%1$s mi²"},"square-yard":{"_name":"yd²","one":"%1$s yd²","other":"%1$s yd²"}},"consumption":{"liter-per-kilometer":{"_name":"l/km","one":"%1$s l/km","other":"%1$s l/km"},"mile-per-gallon":{"_name":"mpg","one":"%1$s mpg","other":"%1$s mpg"}},"digital":{"bit":{"_name":"bit","one":"%1$s bit","other":"%1$s bit"},"byte":{"_name":"bájt","one":"%1$s bájt","other":"%1$s bájt"},"gigabit":{"_name":"Gb","one":"%1$s Gb","other":"%1$s Gb"},"gigabyte":{"_name":"GB","one":"%1$s GB","other":"%1$s GB"},"kilobit":{"_name":"kb","one":"%1$s kb","other":"%1$s kb"},"kilobyte":{"_name":"kB","one":"%1$s kB","other":"%1$s kB"},"megabit":{"_name":"Mb","one":"%1$s Mb","other":"%1$s Mb"},"megabyte":{"_name":"MB","one":"%1$s MB","other":"%1$s MB"},"terabit":{"_name":"Tb","one":"%1$s Tb","other":"%1$s Tb"},"terabyte":{"_name":"TB","one":"%1$s TB","other":"%1$s TB"}},"duration":{"day":{"_name":"nap","one":"%1$s nap","other":"%1$s nap"},"hour":{"_name":"h","one":"%1$s h","other":"%1$s h","_per":"%1$s/h"},"microsecond":{"_name":"μs","one":"%1$s μs","other":"%1$s μs"},"millisecond":{"_name":"ms","one":"%1$s ms","other":"%1$s ms"},"minute":{"_name":"min","one":"%1$s min","other":"%1$s min"},"month":{"_name":"hónap","one":"%1$s h.","other":"%1$s h."},"nanosecond":{"_name":"ns","one":"%1$s ns","other":"%1$s ns"},"second":{"_name":"s","one":"%1$s s","other":"%1$s s","_per":"%1$s/s"},"week":{"_name":"hét","one":"%1$s hét","other":"%1$s hét"},"year":{"_name":"év","one":"%1$s év","other":"%1$s év"}},"electric":{"ampere":{"_name":"A","one":"%1$s A","other":"%1$s A"},"milliampere":{"_name":"mA","one":"%1$s mA","other":"%1$s mA"},"ohm":{"_name":"Ω","one":"%1$s Ω","other":"%1$s Ω"},"volt":{"_name":"V","one":"%1$s V","other":"%1$s V"}},"energy":{"calorie":{"_name":"cal","one":"%1$s cal","other":"%1$s cal"},"foodcalorie":{"_name":"cal","one":"%1$s cal","other":"%1$s cal"},"joule":{"_name":"J","one":"%1$s J","other":"%1$s J"},"kilocalorie":{"_name":"kcal","one":"%1$s kcal","other":"%1$s kcal"},"kilojoule":{"_name":"kJ","one":"%1$s kJ","other":"%1$s kJ"},"kilowatt-hour":{"_name":"kWh","one":"%1$s kWh","other":"%1$s kWh"}},"frequency":{"gigahertz":{"_name":"GHz","one":"%1$s GHz","other":"%1$s GHz"},"hertz":{"_name":"Hz","one":"%1$s Hz","other":"%1$s Hz"},"kilohertz":{"_name":"kHz","one":"%1$s kHz","other":"%1$s kHz"},"megahertz":{"_name":"MHz","one":"%1$s MHz","other":"%1$s MHz"}},"length":{"astronomical-unit":{"_name":"CsE","one":"%1$s CsE","other":"%1$s CsE"},"centimeter":{"_name":"cm","one":"%1$s cm","other":"%1$s cm"},"decimeter":{"_name":"dm","one":"%1$s dm","other":"%1$s dm"},"fathom":{"_name":"fm","other":"%1$s fm"},"foot":{"_name":"láb","one":"%1$s láb","other":"%1$s láb"},"furlong":{"_name":"fur","other":"%1$s fur"},"inch":{"_name":"hüvelyk","one":"%1$s hüvelyk","other":"%1$s hüvelyk"},"kilometer":{"_name":"km","one":"%1$s km","other":"%1$s km"},"light-year":{"_name":"fényév","one":"%1$s fényév","other":"%1$s fényév"},"meter":{"_name":"m","one":"%1$s m","other":"%1$s m"},"micrometer":{"_name":"µm","one":"%1$s µm","other":"%1$s µm"},"mile":{"_name":"mf","one":"%1$s mf","other":"%1$s mf"},"millimeter":{"_name":"mm","one":"%1$s mm","other":"%1$s mm"},"nanometer":{"_name":"nm","one":"%1$s nm","other":"%1$s nm"},"nautical-mile":{"_name":"nmi","one":"%1$s nmi","other":"%1$s nmi"},"parsec":{"_name":"pc","one":"%1$s pc","other":"%1$s pc"},"picometer":{"_name":"pm","one":"%1$s pm","other":"%1$s pm"},"yard":{"_name":"yd","one":"%1$s yd","other":"%1$s yd"}},"light":{"lux":{"_name":"lx","one":"%1$s lx","other":"%1$s lx"}},"mass":{"carat":{"_name":"Kt","one":"%1$s Kt","other":"%1$s Kt"},"gram":{"_name":"g","one":"%1$s g","other":"%1$s g"},"kilogram":{"_name":"kg","one":"%1$s kg","other":"%1$s kg"},"metric-ton":{"_name":"t","one":"%1$s t","other":"%1$s t"},"microgram":{"_name":"µg","one":"%1$s µg","other":"%1$s µg"},"milligram":{"_name":"mg","one":"%1$s mg","other":"%1$s mg"},"ounce":{"_name":"oz","one":"%1$s uncia","other":"%1$s uncia"},"ounce-troy":{"_name":"oz t","one":"%1$s oz t","other":"%1$s oz t"},"pound":{"_name":"lb","one":"%1$s font","other":"%1$s font"},"stone":{"_name":"st","other":"%1$s st"},"ton":{"_name":"tn","one":"%1$s tn","other":"%1$s tn"}},"power":{"gigawatt":{"_name":"GW","one":"%1$s GW","other":"%1$s GW"},"horsepower":{"_name":"LE","one":"%1$s LE","other":"%1$s LE"},"kilowatt":{"_name":"kW","one":"%1$s kW","other":"%1$s kW"},"megawatt":{"_name":"MW","one":"%1$s MW","other":"%1$s MW"},"milliwatt":{"_name":"mW","one":"%1$s mW","other":"%1$s mW"},"watt":{"_name":"W","one":"%1$s W","other":"%1$s W"}},"pressure":{"hectopascal":{"_name":"hPa","one":"%1$s hPa","other":"%1$s hPa"},"inch-hg":{"_name":"inHg","one":"%1$s inHg","other":"%1$s inHg"},"millibar":{"_name":"mbar","one":"%1$s mb","other":"%1$s mb"},"millimeter-of-mercury":{"_name":"mm Hg","one":"%1$s mm Hg","other":"%1$s mm Hg"},"pound-per-square-inch":{"_name":"psi","one":"%1$s psi","other":"%1$s psi"}},"proportion":{"karat":{"_name":"kt","one":"%1$s kt","other":"%1$s kt"}},"speed":{"kilometer-per-hour":{"_name":"km/h","one":"%1$s km/h","other":"%1$s km/h"},"meter-per-second":{"_name":"m/s","one":"%1$s m/s","other":"%1$s m/s"},"mile-per-hour":{"_name":"mph","one":"%1$s mph","other":"%1$s mph"}},"temperature":{"celsius":{"_name":"°C","one":"%1$s °C","other":"%1$s °C"},"fahrenheit":{"_name":"°F","one":"%1$s °F","other":"%1$s °F"},"kelvin":{"_name":"K","one":"%1$s K","other":"%1$s K"}},"volume":{"acre-foot":{"_name":"ac ft","one":"%1$s ac ft","other":"%1$s ac ft"},"bushel":{"_name":"bu","other":"%1$s bu"},"centiliter":{"_name":"cl","one":"%1$s cl","other":"%1$s cl"},"cubic-centimeter":{"_name":"cm³","one":"%1$s cm³","other":"%1$s cm³"},"cubic-foot":{"_name":"ft³","one":"%1$s ft³","other":"%1$s ft³"},"cubic-inch":{"_name":"in³","one":"%1$s in³","other":"%1$s in³"},"cubic-kilometer":{"_name":"km³","one":"%1$s km³","other":"%1$s km³"},"cubic-meter":{"_name":"m³","one":"%1$s m³","other":"%1$s m³"},"cubic-mile":{"_name":"mi³","one":"%1$s mi³","other":"%1$s mi³"},"cubic-yard":{"_name":"yd³","one":"%1$s yd³","other":"%1$s yd³"},"cup":{"_name":"cs.","one":"%1$s cs.","other":"%1$s cs."},"deciliter":{"_name":"dl","one":"%1$s dl","other":"%1$s dl"},"fluid-ounce":{"_name":"fl oz","one":"%1$s fl oz","other":"%1$s fl oz"},"gallon":{"_name":"gal","one":"%1$s gal","other":"%1$s gal"},"hectoliter":{"_name":"hl","one":"%1$s hl","other":"%1$s hl"},"liter":{"_name":"l","one":"%1$s l","other":"%1$s l"},"megaliter":{"_name":"Ml","one":"%1$s Ml","other":"%1$s Ml"},"milliliter":{"_name":"ml","one":"%1$s ml","other":"%1$s ml"},"pint":{"_name":"pt","one":"%1$s pt","other":"%1$s pt"},"quart":{"_name":"qt","one":"%1$s qt","other":"%1$s qt"},"tablespoon":{"_name":"ek.","one":"%1$s ek.","other":"%1$s ek."},"teaspoon":{"_name":"kk.","one":"%1$s kk.","other":"%1$s kk."}}},"_durationPattern":{"hm":"h:mm","hms":"h:mm:ss","ms":"m:ss"}}