{"long":{"_compoundPattern":"%1$s za %2$s","acceleration":{"g-force":{"_name":"jednotky preťaženia","one":"%1$s jednotka preťaženia","few":"%1$s jednotky preťaženia","many":"%1$s jednotky preťaženia","other":"%1$s jednotiek preťaženia"},"meter-per-second-squared":{"_name":"metre za sekundu na druhú","one":"%1$s meter za sekundu na druhú","few":"%1$s metre za sekundu na druhú","many":"%1$s metra za sekundu na druhú","other":"%1$s metrov za sekundu na druhú"}},"angle":{"arc-minute":{"_name":"minúty","one":"%1$s minúta","few":"%1$s minúty","many":"%1$s minúty","other":"%1$s minút"},"arc-second":{"_name":"sekundy","one":"%1$s sekunda","few":"%1$s sekundy","many":"%1$s sekundy","other":"%1$s sekúnd"},"degree":{"_name":"stupne","one":"%1$s stupeň","few":"%1$s stupne","many":"%1$s stupňa","other":"%1$s stupňov"},"radian":{"_name":"radiány","one":"%1$s radián","few":"%1$s radiány","many":"%1$s radiánu","other":"%1$s radiánov"}},"area":{"acre":{"_name":"akre","one":"%1$s aker","few":"%1$s akre","many":"%1$s akra","other":"%1$s akrov"},"hectare":{"_name":"hektáre","one":"%1$s hektár","few":"%1$s hektáre","many":"%1$s hektára","other":"%1$s hektárov"},"square-centimeter":{"_name":"štvorcové centimetre","one":"%1$s štvorcový centimeter","few":"%1$s štvorcové centimetre","many":"%1$s štvorcového centimetra","other":"%1$s štvorcových centimetrov"},"square-foot":{"_name":"štvorcové stopy","one":"%1$s štvorcová stopa","few":"%1$s štvorcové stopy","many":"%1$s štvorcovej stopy","other":"%1$s štvorcových stôp"},"square-inch":{"_name":"štvorcové palce","one":"%1$s štvorcový palec","few":"%1$s štvorcové palce","many":"%1$s štvorcového palca","other":"%1$s štvorcových palcov"},"square-kilometer":{"_name":"štvorcové kilometre","one":"%1$s kilometer štvorcový","few":"%1$s kilometre štvorcové","many":"%1$s kilometra štvorcového","other":"%1$s kilometrov štvorcových"},"square-meter":{"_name":"štvorcové metre","one":"%1$s meter štvorcový","few":"%1$s metre štvorcové","many":"%1$s metra štvorcového","other":"%1$s metrov štvorcových"},"square-mile":{"_name":"štvorcové míle","one":"%1$s míľa štvorcová","few":"%1$s míle štvorcové","many":"%1$s míle štvorcovej","other":"%1$s míľ štvorcových"},"square-yard":{"_name":"štvorcové yardy","one":"%1$s štvorcový yard","few":"%1$s štvorcové yardy","many":"%1$s štvorcového yardu","other":"%1$s štvorcových yardov"}},"consumption":{"liter-per-kilometer":{"_name":"litre na kilometer","one":"%1$s liter na kilometer","few":"%1$s litre na kilometer","many":"%1$s litra na kilometer","other":"%1$s litrov na kilometer"},"mile-per-gallon":{"_name":"míle na galón","one":"%1$s míľa na galón","few":"%1$s míle na galón","many":"%1$s míle na galón","other":"%1$s míľ na galón"}},"digital":{"bit":{"_name":"bity","one":"%1$s bit","few":"%1$s bity","many":"%1$s bitu","other":"%1$s bitov"},"byte":{"_name":"bajty","one":"%1$s bajt","few":"%1$s bajty","many":"%1$s bajtu","other":"%1$s bajtov"},"gigabit":{"_name":"gigabity","one":"%1$s gigabit","few":"%1$s gigabity","many":"%1$s gigabitu","other":"%1$s gigabitov"},"gigabyte":{"_name":"gigabajty","one":"%1$s gigabajt","few":"%1$s gigabajty","many":"%1$s gigabajtu","other":"%1$s gigabajtov"},"kilobit":{"_name":"kilobity","one":"%1$s kilobit","few":"%1$s kilobity","many":"%1$s kilobitu","other":"%1$s kilobitov"},"kilobyte":{"_name":"kilobajty","one":"%1$s kilobajt","few":"%1$s kilobajty","many":"%1$s kilobajtu","other":"%1$s kilobajtov"},"megabit":{"_name":"megabity","one":"%1$s megabit","few":"%1$s megabity","many":"%1$s megabitu","other":"%1$s megabitov"},"megabyte":{"_name":"megabajty","one":"%1$s megabajt","few":"%1$s megabajty","many":"%1$s megabajtu","other":"%1$s megabajtov"},"terabit":{"_name":"terabity","one":"%1$s terabit","few":"%1$s terabity","many":"%1$s terabitu","other":"%1$s terabitov"},"terabyte":{"_name":"terabajty","one":"%1$s terabajt","few":"%1$s terabajty","many":"%1$s terabajtu","other":"%1$s terabajtov"}},"duration":{"day":{"_name":"dni","one":"%1$s deň","few":"%1$s dni","many":"%1$s dňa","other":"%1$s dní"},"hour":{"_name":"hodiny","one":"%1$s hodina","few":"%1$s hodiny","many":"%1$s hodiny","other":"%1$s hodín","_per":"%1$s za hodinu"},"microsecond":{"_name":"mikrosekundy","one":"%1$s mikrosekunda","few":"%1$s mikrosekundy","many":"%1$s mikrosekundy","other":"%1$s mikrosekúnd"},"millisecond":{"_name":"milisekundy","one":"%1$s milisekunda","few":"%1$s milisekundy","many":"%1$s milisekundy","other":"%1$s milisekúnd"},"minute":{"_name":"minúty","one":"%1$s minúta","few":"%1$s minúty","many":"%1$s minúty","other":"%1$s minút"},"month":{"_name":"mesiace","one":"%1$s mesiac","few":"%1$s mesiace","many":"%1$s mesiaca","other":"%1$s mesiacov"},"nanosecond":{"_name":"nanosekundy","one":"%1$s nanosekunda","few":"%1$s nanosekundy","many":"%1$s nanosekundy","other":"%1$s nanosekúnd"},"second":{"_name":"sekundy","one":"%1$s sekunda","few":"%1$s sekundy","many":"%1$s sekundy","other":"%1$s sekúnd","_per":"%1$s za sekundu"},"week":{"_name":"týždne","one":"%1$s týždeň","few":"%1$s týždne","many":"%1$s týždňa","other":"%1$s týždňov"},"year":{"_name":"roky","one":"%1$s rok","few":"%1$s roky","many":"%1$s roka","other":"%1$s rokov"}},"electric":{"ampere":{"_name":"ampéry","one":"%1$s ampér","few":"%1$s ampéry","many":"%1$s ampéra","other":"%1$s ampérov"},"milliampere":{"_name":"miliampéry","one":"%1$s miliampér","few":"%1$s miliampéry","many":"%1$s miliampéra","other":"%1$s miliampérov"},"ohm":{"_name":"ohmy","one":"%1$s ohm","few":"%1$s ohmy","many":"%1$s ohmu","other":"%1$s ohmov"},"volt":{"_name":"volty","one":"%1$s volt","few":"%1$s volty","many":"%1$s voltu","other":"%1$s voltov"}},"energy":{"calorie":{"_name":"kalórie","one":"%1$s kalória","few":"%1$s kalórie","many":"%1$s kalórie","other":"%1$s kalórií"},"foodcalorie":{"_name":"kalórie","one":"%1$s kalória","few":"%1$s kalórie","many":"%1$s kalórie","other":"%1$s kalórií"},"joule":{"_name":"jouly","one":"joule","few":"%1$s jouly","many":"%1$s joulu","other":"%1$s joulov"},"kilocalorie":{"_name":"kilokalórie","one":"%1$s kilokalória","few":"%1$s kilokalórie","many":"%1$s kilokalórie","other":"%1$s kilokalórií"},"kilojoule":{"_name":"kilojouly","one":"%1$s kilojoule","few":"%1$s kilojouly","many":"%1$s kilojoulu","other":"%1$s kilojoulov"},"kilowatt-hour":{"_name":"kilowatthodiny","one":"%1$s kilowatthodina","few":"%1$s kilowatthodiny","many":"%1$s kilowatthodiny","other":"%1$s kilowatthodín"}},"frequency":{"gigahertz":{"_name":"gigahertze","one":"%1$s gigahertz","few":"%1$s gigahertze","many":"%1$s gigahertza","other":"%1$s gigahertzov"},"hertz":{"_name":"hertze","one":"%1$s hertz","few":"%1$s hertze","many":"%1$s hertza","other":"%1$s hertzov"},"kilohertz":{"_name":"kilohertze","one":"%1$s kilohertz","few":"%1$s kilohertze","many":"%1$s kilohertza","other":"%1$s kilohertzov"},"megahertz":{"_name":"megahertze","one":"%1$s megahertz","few":"%1$s megahertze","many":"%1$s megahertza","other":"%1$s megahertzov"}},"length":{"astronomical-unit":{"_name":"astronomické jednotky","one":"%1$s astronomická jednotka","few":"%1$s astronomické jednotky","many":"%1$s astronomickej jednotky","other":"%1$s astronomických jednotiek"},"centimeter":{"_name":"centimetre","one":"%1$s centimeter","few":"%1$s centimetre","many":"%1$s centimetra","other":"%1$s centimetrov"},"decimeter":{"_name":"decimetre","one":"%1$s decimeter","few":"%1$s decimetre","many":"%1$s decimetra","other":"%1$s decimetrov"},"fathom":{"_name":"fm","other":"%1$s fm"},"foot":{"_name":"stopy","one":"%1$s stopa","few":"%1$s stopy","many":"%1$s stopy","other":"%1$s stôp"},"furlong":{"_name":"fur","other":"%1$s fur"},"inch":{"_name":"palce","one":"%1$s palec","few":"%1$s palce","many":"%1$s palca","other":"%1$s palcov"},"kilometer":{"_name":"kilometre","one":"%1$s kilometer","few":"%1$s kilometre","many":"%1$s kilometra","other":"%1$s kilometrov"},"light-year":{"_name":"svetelné roky","one":"%1$s svetelný rok","few":"%1$s svetelné roky","many":"%1$s svetelného roku","other":"%1$s svetelných rokov"},"meter":{"_name":"metre","one":"%1$s meter","few":"%1$s metre","many":"%1$s metra","other":"%1$s metrov"},"micrometer":{"_name":"mikrometre","one":"%1$s mikrometer","few":"%1$s mikrometre","many":"%1$s mikrometra","other":"%1$s mikrometrov"},"mile":{"_name":"míle","one":"%1$s míľa","few":"%1$s míle","many":"%1$s míle","other":"%1$s míľ"},"millimeter":{"_name":"milimetre","one":"%1$s milimeter","few":"%1$s milimetre","many":"%1$s milimetra","other":"%1$s milimetrov"},"nanometer":{"_name":"nanometre","one":"%1$s nanometer","few":"%1$s nanometre","many":"%1$s nanometra","other":"%1$s nanometrov"},"nautical-mile":{"_name":"námorné míle","one":"%1$s námorná míľa","few":"%1$s námorné míle","many":"%1$s námornej míle","other":"%1$s námorných míľ"},"parsec":{"_name":"parseky","one":"%1$s parsek","few":"%1$s parseky","many":"%1$s parseku","other":"%1$s parsekov"},"picometer":{"_name":"pikometre","one":"%1$s pikometer","few":"%1$s pikometre","many":"%1$s pikometra","other":"%1$s pikometrov"},"yard":{"_name":"yardy","one":"%1$s yard","few":"%1$s yardy","many":"%1$s yardu","other":"%1$s yardov"}},"light":{"lux":{"_name":"luxy","one":"%1$s lux","few":"%1$s luxy","many":"%1$s luxu","other":"%1$s luxov"}},"mass":{"carat":{"_name":"karáty","one":"%1$s karát","few":"%1$s karáty","many":"%1$s karátu","other":"%1$s karátov"},"gram":{"_name":"gramy","one":"%1$s gram","few":"%1$s gramy","many":"%1$s gramu","other":"%1$s gramov"},"kilogram":{"_name":"kilogramy","one":"%1$s kilogram","few":"%1$s kilogramy","many":"%1$s kilogramu","other":"%1$s kilogramov"},"metric-ton":{"_name":"tony","one":"%1$s tona","few":"%1$s tony","many":"%1$s tony","other":"%1$s ton"},"microgram":{"_name":"mikrogramy","one":"%1$s mikrogram","few":"%1$s mikrogramy","many":"%1$s mikrogramu","other":"%1$s mikrogramov"},"milligram":{"_name":"miligramy","one":"%1$s miligram","few":"%1$s miligramy","many":"%1$s miligramu","other":"%1$s miligramov"},"ounce":{"_name":"unce","one":"%1$s unca","few":"%1$s unce","many":"%1$s unce","other":"%1$s uncí"},"ounce-troy":{"_name":"trojské unce","one":"%1$s trojská unca","few":"%1$s trojské unce","many":"%1$s trojskej unce","other":"%1$s trojských uncí"},"pound":{"_name":"libry","one":"%1$s libra","few":"%1$s libry","many":"%1$s libry","other":"%1$s libier"},"stone":{"_name":"st","other":"%1$s st"},"ton":{"_name":"americké tony","one":"%1$s americká tona","few":"%1$s americké tony","many":"%1$s americkej tony","other":"%1$s amerických ton"}},"power":{"gigawatt":{"_name":"gigawatty","one":"%1$s gigawatt","few":"%1$s gigawatty","many":"%1$s gigawattu","other":"%1$s gigawattov"},"horsepower":{"_name":"konské sily","one":"%1$s konská sila","few":"%1$s konské sily","many":"%1$s konskej sily","other":"%1$s konských síl"},"kilowatt":{"_name":"kilowatty","one":"%1$s kilowatt","few":"%1$s kilowatty","many":"%1$s kilowattu","other":"%1$s kilowattov"},"megawatt":{"_name":"megawatty","one":"%1$s megawatt","few":"%1$s megawatty","many":"%1$s megawattu","other":"%1$s megawattov"},"milliwatt":{"_name":"milliwatty","one":"%1$s milliwatt","few":"%1$s milliwatty","many":"%1$s milliwattu","other":"%1$s milliwattov"},"watt":{"_name":"watty","one":"%1$s watt","few":"%1$s watty","many":"%1$s wattu","other":"%1$s wattov"}},"pressure":{"hectopascal":{"_name":"hektopascaly","one":"%1$s hektopascal","few":"%1$s hektopascaly","many":"%1$s hektopascala","other":"%1$s hektopascalov"},"inch-hg":{"_name":"palce ortuťového stĺpca","one":"%1$s palec ortuťového stĺpca","few":"%1$s palce ortuťového stĺpca","many":"%1$s palca ortuťového stĺpca","other":"%1$s palcov ortuťového stĺpca"},"millibar":{"_name":"milibary","one":"%1$s milibar","few":"%1$s milibary","many":"%1$s milibaru","other":"%1$s milibarov"},"millimeter-of-mercury":{"_name":"milimetre ortuťového stĺpca","one":"%1$s milimeter ortuťového stĺpca","few":"%1$s milimetre ortuťového stĺpca","many":"%1$s milimetra ortuťového stĺpca","other":"%1$s milimetrov ortuťového stĺpca"},"pound-per-square-inch":{"_name":"libry sily na štvorcový palec","one":"%1$s libra sily na štvorcový palec","few":"%1$s libry sily na štvorcový palec","many":"%1$s libry sily na štvorcový palec","other":"%1$s libier sily na štvorcový palec"}},"proportion":{"karat":{"_name":"karáty","one":"%1$s karát","few":"%1$s karáty","many":"%1$s karátu","other":"%1$s karátov"}},"speed":{"kilometer-per-hour":{"_name":"kilometre za hodinu","one":"%1$s kilometer za hodinu","few":"%1$s kilometre za hodinu","many":"%1$s kilometra za hodinu","other":"%1$s kilometrov za hodinu"},"meter-per-second":{"_name":"metre za sekundu","one":"%1$s meter za sekundu","few":"%1$s metre za sekundu","many":"%1$s metra za sekundu","other":"%1$s metrov za sekundu"},"mile-per-hour":{"_name":"míle za hodinu","one":"%1$s míľa za hodinu","few":"%1$s míle za hodinu","many":"%1$s míle za hodinu","other":"%1$s míľ za hodinu"}},"temperature":{"celsius":{"_name":"stupne Celzia","one":"%1$s stupeň Celzia","few":"%1$s stupne Celzia","many":"%1$s stupňa Celzia","other":"%1$s stupňov Celzia"},"fahrenheit":{"_name":"stupne Fahrenheita","one":"%1$s stupeň Fahrenheita","few":"%1$s stupne Fahrenheita","many":"%1$s stupňa Fahrenheita","other":"%1$s stupňov Fahrenheita"},"kelvin":{"_name":"kelviny","one":"%1$s kelvin","few":"%1$s kelviny","many":"%1$s kelvina","other":"%1$s kelvinov"}},"volume":{"acre-foot":{"_name":"akrové stopy","one":"%1$s akrová stopa","few":"%1$s akrové stopy","many":"%1$s akrovej stopy","other":"%1$s akrových stôp"},"bushel":{"_name":"bu","other":"%1$s bu"},"centiliter":{"_name":"centilitre","one":"%1$s centiliter","few":"%1$s centilitre","many":"%1$s centilitra","other":"%1$s centilitrov"},"cubic-centimeter":{"_name":"kubické centimetre","one":"%1$s kubický centimeter","few":"%1$s kubické centimetre","many":"%1$s kubického centimetra","other":"%1$s kubických centimetrov"},"cubic-foot":{"_name":"kubické stopy","one":"%1$s kubická stopa","few":"%1$s kubické stopy","many":"%1$s kubickej stopy","other":"%1$s kubických stôp"},"cubic-inch":{"_name":"kubické palce","one":"%1$s kubický palec","few":"%1$s kubické palce","many":"%1$s kubického palca","other":"%1$s kubických palcov"},"cubic-kilometer":{"_name":"kubické kilometre","one":"%1$s kubický kilometer","few":"%1$s kubické kilometre","many":"%1$s kubického kilometra","other":"%1$s kubických kilometrov"},"cubic-meter":{"_name":"kubické metre","one":"%1$s kubický meter","few":"%1$s kubické metre","many":"%1$s kubického metra","other":"%1$s kubických metrov"},"cubic-mile":{"_name":"kubické míle","one":"%1$s kubická míľa","few":"%1$s kubické míle","many":"%1$s kubickej míle","other":"%1$s kubických míľ"},"cubic-yard":{"_name":"kubické yardy","one":"%1$s kubický yard","few":"%1$s kubické yardy","many":"%1$s kubického yardu","other":"%1$s kubických yardov"},"cup":{"_name":"hrnčeky","one":"%1$s hrnček","few":"%1$s hrnčeky","many":"%1$s hrnčeka","other":"%1$s hrnčekov"},"deciliter":{"_name":"decilitre","one":"%1$s deciliter","few":"%1$s decilitre","many":"%1$s decilitra","other":"%1$s decilitrov"},"fluid-ounce":{"_name":"tekuté unce","one":"%1$s tekutá unca","few":"%1$s tekuté unce","many":"%1$s tekutej unce","other":"%1$s tekutých uncí"},"gallon":{"_name":"galóny","one":"%1$s galón","few":"%1$s galóny","many":"%1$s galónu","other":"%1$s galónov"},"hectoliter":{"_name":"hektolitre","one":"%1$s hektoliter","few":"%1$s hektolitre","many":"%1$s hektolitra","other":"%1$s hektolitrov"},"liter":{"_name":"litre","one":"%1$s liter","few":"%1$s litre","many":"%1$s litra","other":"%1$s litrov"},"megaliter":{"_name":"megalitre","one":"%1$s megaliter","few":"%1$s megalitre","many":"%1$s megalitra","other":"%1$s megalitrov"},"milliliter":{"_name":"mililitre","one":"%1$s mililiter","few":"%1$s mililitre","many":"%1$s mililitra","other":"%1$s mililitrov"},"pint":{"_name":"pinty","one":"%1$s pinta","few":"%1$s pinty","many":"%1$s pinty","other":"%1$s pínt"},"quart":{"_name":"quarty","one":"%1$s quart","few":"%1$s quarty","many":"%1$s quartu","other":"%1$s quartov"},"tablespoon":{"_name":"polievkové lyžice","one":"%1$s polievková lyžica","few":"%1$s polievkové lyžice","many":"%1$s polievkovej lyžice","other":"%1$s polievkových lyžíc"},"teaspoon":{"_name":"čajové lyžice","one":"%1$s čajová lyžica","few":"%1$s čajové lyžice","many":"%1$s čajovej lyžice","other":"%1$s čajových lyžíc"}}},"short":{"_compoundPattern":"%1$s/%2$s","acceleration":{"g-force":{"_name":"jednotka preťaženia","one":"%1$s G","few":"%1$s G","many":"%1$s G","other":"%1$s G"},"meter-per-second-squared":{"_name":"m/s²","one":"%1$s m/s²","few":"%1$s m/s²","many":"%1$s m/s²","other":"%1$s m/s²"}},"angle":{"arc-minute":{"_name":"′","one":"%1$s′","few":"%1$s′","many":"%1$s′","other":"%1$s′"},"arc-second":{"_name":"″","one":"%1$s″","few":"%1$s″","many":"%1$s″","other":"%1$s″"},"degree":{"_name":"°","one":"%1$s°","few":"%1$s°","many":"%1$s°","other":"%1$s°"},"radian":{"_name":"rad","one":"%1$s rad","few":"%1$s rad","many":"%1$s rad","other":"%1$s rad"}},"area":{"acre":{"_name":"akre","one":"%1$s ac","few":"%1$s ac","many":"%1$s ac","other":"%1$s ac"},"hectare":{"_name":"hektáre","one":"%1$s ha","few":"%1$s ha","many":"%1$s ha","other":"%1$s ha"},"square-centimeter":{"_name":"cm²","one":"%1$s cm²","few":"%1$s cm²","many":"%1$s cm²","other":"%1$s cm²"},"square-foot":{"_name":"ft²","one":"%1$s ft²","few":"%1$s ft²","many":"%1$s ft²","other":"%1$s ft²"},"square-inch":{"_name":"in²","one":"%1$s in²","few":"%1$s in²","many":"%1$s in²","other":"%1$s in²"},"square-kilometer":{"_name":"km²","one":"%1$s km²","few":"%1$s km²","many":"%1$s km²","other":"%1$s km²"},"square-meter":{"_name":"m²","one":"%1$s m²","few":"%1$s m²","many":"%1$s m²","other":"%1$s m²"},"square-mile":{"_name":"mi²","one":"%1$s mi²","few":"%1$s mi²","many":"%1$s mi²","other":"%1$s mi²"},"square-yard":{"_name":"yd²","one":"%1$s yd²","few":"%1$s yd²","many":"%1$s yd²","other":"%1$s yd²"}},"consumption":{"liter-per-kilometer":{"_name":"l/km","one":"%1$s l/km","few":"%1$s l/km","many":"%1$s l/km","other":"%1$s l/km"},"mile-per-gallon":{"_name":"mpg","one":"%1$s mpg","few":"%1$s mpg","many":"%1$s mpg","other":"%1$s mpg"}},"digital":{"bit":{"_name":"bit","one":"%1$s b","few":"%1$s b","many":"%1$s b","other":"%1$s b"},"byte":{"_name":"bajt","one":"%1$s B","few":"%1$s B","many":"%1$s B","other":"%1$s B"},"gigabit":{"_name":"Gb","one":"%1$s Gb","few":"%1$s Gb","many":"%1$s Gb","other":"%1$s Gb"},"gigabyte":{"_name":"GB","one":"%1$s GB","few":"%1$s GB","many":"%1$s GB","other":"%1$s GB"},"kilobit":{"_name":"kb","one":"%1$s kb","few":"%1$s kb","many":"%1$s kb","other":"%1$s kb"},"kilobyte":{"_name":"kB","one":"%1$s kB","few":"%1$s kB","many":"%1$s kB","other":"%1$s kB"},"megabit":{"_name":"Mb","one":"%1$s Mb","few":"%1$s Mb","many":"%1$s Mb","other":"%1$s Mb"},"megabyte":{"_name":"MB","one":"%1$s MB","few":"%1$s MB","many":"%1$s MB","other":"%1$s MB"},"terabit":{"_name":"Tb","one":"%1$s Tb","few":"%1$s Tb","many":"%1$s Tb","other":"%1$s Tb"},"terabyte":{"_name":"TB","one":"%1$s TB","few":"%1$s TB","many":"%1$s TB","other":"%1$s TB"}},"duration":{"day":{"_name":"dni","one":"%1$s deň","few":"%1$s dni","many":"%1$s dňa","other":"%1$s dní"},"hour":{"_name":"h","one":"%1$s h","few":"%1$s h","many":"%1$s h","other":"%1$s h","_per":"%1$s/h"},"microsecond":{"_name":"μs","one":"%1$s μs","few":"%1$s μs","many":"%1$s μs","other":"%1$s μs"},"millisecond":{"_name":"ms","one":"%1$s ms","few":"%1$s ms","many":"%1$s ms","other":"%1$s ms"},"minute":{"_name":"min","one":"%1$s min","few":"%1$s min","many":"%1$s min","other":"%1$s min"},"month":{"_name":"mes.","one":"%1$s mes.","few":"%1$s mes.","many":"%1$s mes.","other":"%1$s mes."},"nanosecond":{"_name":"ns","one":"%1$s ns","few":"%1$s ns","many":"%1$s ns","other":"%1$s ns"},"second":{"_name":"s","one":"%1$s s","few":"%1$s s","many":"%1$s s","other":"%1$s s","_per":"%1$s/s"},"week":{"_name":"týž.","one":"%1$s týž.","few":"%1$s týž.","many":"%1$s týž.","other":"%1$s týž."},"year":{"_name":"r.","one":"%1$s r.","few":"%1$s r.","many":"%1$s r.","other":"%1$s r."}},"electric":{"ampere":{"_name":"A","one":"%1$s A","few":"%1$s A","many":"%1$s A","other":"%1$s A"},"milliampere":{"_name":"mA","one":"%1$s mA","few":"%1$s mA","many":"%1$s mA","other":"%1$s mA"},"ohm":{"_name":"Ω","one":"%1$s Ω","few":"%1$s Ω","many":"%1$s Ω","other":"%1$s Ω"},"volt":{"_name":"V","one":"%1$s V","few":"%1$s V","many":"%1$s V","other":"%1$s V"}},"energy":{"calorie":{"_name":"cal","one":"%1$s cal","few":"%1$s cal","many":"%1$s cal","other":"%1$s cal"},"foodcalorie":{"_name":"cal","one":"%1$s cal","few":"%1$s cal","many":"%1$s cal","other":"%1$s cal"},"joule":{"_name":"J","one":"%1$s J","few":"%1$s J","many":"%1$s J","other":"%1$s J"},"kilocalorie":{"_name":"kcal","one":"%1$s kcal","few":"%1$s kcal","many":"%1$s kcal","other":"%1$s kcal"},"kilojoule":{"_name":"kJ","one":"%1$s kJ","few":"%1$s kJ","many":"%1$s kJ","other":"%1$s kJ"},"kilowatt-hour":{"_name":"kWh","one":"%1$s kWh","few":"%1$s kWh","many":"%1$s kWh","other":"%1$s kWh"}},"frequency":{"gigahertz":{"_name":"GHz","one":"%1$s GHz","few":"%1$s GHz","many":"%1$s GHz","other":"%1$s GHz"},"hertz":{"_name":"Hz","one":"%1$s Hz","few":"%1$s Hz","many":"%1$s Hz","other":"%1$s Hz"},"kilohertz":{"_name":"kHz","one":"%1$s kHz","few":"%1$s kHz","many":"%1$s kHz","other":"%1$s kHz"},"megahertz":{"_name":"MHz","one":"%1$s MHz","few":"%1$s MHz","many":"%1$s MHz","other":"%1$s MHz"}},"length":{"astronomical-unit":{"_name":"au","one":"%1$s au","few":"%1$s au","many":"%1$s au","other":"%1$s au"},"centimeter":{"_name":"cm","one":"%1$s cm","few":"%1$s cm","many":"%1$s cm","other":"%1$s cm"},"decimeter":{"_name":"dm","one":"%1$s dm","few":"%1$s dm","many":"%1$s dm","other":"%1$s dm"},"fathom":{"_name":"fm","other":"%1$s fm"},"foot":{"_name":"ft","one":"%1$s ft","few":"%1$s ft","many":"%1$s ft","other":"%1$s ft"},"furlong":{"_name":"fur","other":"%1$s fur"},"inch":{"_name":"in","one":"%1$s in","few":"%1$s in","many":"%1$s in","other":"%1$s in"},"kilometer":{"_name":"km","one":"%1$s km","few":"%1$s km","many":"%1$s km","other":"%1$s km"},"light-year":{"_name":"ly","one":"%1$s ly","few":"%1$s ly","many":"%1$s ly","other":"%1$s ly"},"meter":{"_name":"m","one":"%1$s m","few":"%1$s m","many":"%1$s m","other":"%1$s m"},"micrometer":{"_name":"µm","one":"%1$s µm","few":"%1$s µm","many":"%1$s µm","other":"%1$s µm"},"mile":{"_name":"mi","one":"%1$s mi","few":"%1$s mi","many":"%1$s mi","other":"%1$s mi"},"millimeter":{"_name":"mm","one":"%1$s mm","few":"%1$s mm","many":"%1$s mm","other":"%1$s mm"},"nanometer":{"_name":"nm","one":"%1$s nm","few":"%1$s nm","many":"%1$s nm","other":"%1$s nm"},"nautical-mile":{"_name":"NM","one":"%1$s NM","few":"%1$s NM","many":"%1$s NM","other":"%1$s NM"},"parsec":{"_name":"pc","one":"%1$s pc","few":"%1$s pc","many":"%1$s pc","other":"%1$s pc"},"picometer":{"_name":"pm","one":"%1$s pm","few":"%1$s pm","many":"%1$s pm","other":"%1$s pm"},"yard":{"_name":"yd","one":"%1$s yd","few":"%1$s yd","many":"%1$s yd","other":"%1$s yd"}},"light":{"lux":{"_name":"lx","one":"%1$s lx","few":"%1$s lx","many":"%1$s lx","other":"%1$s lx"}},"mass":{"carat":{"_name":"ct","one":"%1$s ct","few":"%1$s ct","many":"%1$s ct","other":"%1$s ct"},"gram":{"_name":"gramy","one":"%1$s g","few":"%1$s g","many":"%1$s g","other":"%1$s g"},"kilogram":{"_name":"kg","one":"%1$s kg","few":"%1$s kg","many":"%1$s kg","other":"%1$s kg"},"metric-ton":{"_name":"t","one":"%1$s t","few":"%1$s t","many":"%1$s t","other":"%1$s t"},"microgram":{"_name":"µg","one":"%1$s µg","few":"%1$s µg","many":"%1$s µg","other":"%1$s µg"},"milligram":{"_name":"mg","one":"%1$s mg","few":"%1$s mg","many":"%1$s mg","other":"%1$s mg"},"ounce":{"_name":"oz","one":"%1$s oz","few":"%1$s oz","many":"%1$s oz","other":"%1$s oz"},"ounce-troy":{"_name":"oz t","one":"%1$s oz t","few":"%1$s oz t","many":"%1$s oz t","other":"%1$s oz t"},"pound":{"_name":"lb","one":"%1$s lb","few":"%1$s lb","many":"%1$s lb","other":"%1$s lb"},"stone":{"_name":"st","other":"%1$s st"},"ton":{"_name":"to","one":"%1$s to","few":"%1$s to","many":"%1$s to","other":"%1$s to"}},"power":{"gigawatt":{"_name":"GW","one":"%1$s GW","few":"%1$s GW","many":"%1$s GW","other":"%1$s GW"},"horsepower":{"_name":"hp","one":"%1$s hp","few":"%1$s hp","many":"%1$s hp","other":"%1$s hp"},"kilowatt":{"_name":"kW","one":"%1$s kW","few":"%1$s kW","many":"%1$s kW","other":"%1$s kW"},"megawatt":{"_name":"MW","one":"%1$s MW","few":"%1$s MW","many":"%1$s MW","other":"%1$s MW"},"milliwatt":{"_name":"mW","one":"%1$s mW","few":"%1$s mW","many":"%1$s mW","other":"%1$s mW"},"watt":{"_name":"W","one":"%1$s W","few":"%1$s W","many":"%1$s W","other":"%1$s W"}},"pressure":{"hectopascal":{"_name":"hPa","one":"%1$s hPa","few":"%1$s hPa","many":"%1$s hPa","other":"%1$s hPa"},"inch-hg":{"_name":"inHg","one":"%1$s inHg","few":"%1$s inHg","many":"%1$s inHg","other":"%1$s inHg"},"millibar":{"_name":"mbar","one":"%1$s mbar","few":"%1$s mbar","many":"%1$s mbar","other":"%1$s mbar"},"millimeter-of-mercury":{"_name":"mm Hg","one":"%1$s mm Hg","few":"%1$s mm Hg","many":"%1$s mm Hg","other":"%1$s mm Hg"},"pound-per-square-inch":{"_name":"psi","one":"%1$s psi","few":"%1$s psi","many":"%1$s psi","other":"%1$s psi"}},"proportion":{"karat":{"_name":"kt","one":"%1$s kt","few":"%1$s kt","many":"%1$s kt","other":"%1$s kt"}},"speed":{"kilometer-per-hour":{"_name":"km/h","one":"%1$s km/h","few":"%1$s km/h","many":"%1$s km/h","other":"%1$s km/h"},"meter-per-second":{"_name":"m/s","one":"%1$s m/s","few":"%1$s m/s","many":"%1$s m/s","other":"%1$s m/s"},"mile-per-hour":{"_name":"mi/h","one":"%1$s mi/h","few":"%1$s mi/h","many":"%1$s mi/h","other":"%1$s mi/h"}},"temperature":{"celsius":{"_name":"°C","one":"%1$s °C","few":"%1$s °C","many":"%1$s °C","other":"%1$s °C"},"fahrenheit":{"_name":"°F","one":"%1$s °F","few":"%1$s °F","many":"%1$s °F","other":"%1$s °F"},"kelvin":{"_name":"K","one":"%1$s K","few":"%1$s K","many":"%1$s K","other":"%1$s K"}},"volume":{"acre-foot":{"_name":"ac ft","one":"%1$s ac ft","few":"%1$s ac ft","many":"%1$s ac ft","other":"%1$s ac ft"},"bushel":{"_name":"bu","other":"%1$s bu"},"centiliter":{"_name":"cl","one":"%1$s cl","few":"%1$s cl","many":"%1$s cl","other":"%1$s cl"},"cubic-centimeter":{"_name":"cm³","one":"%1$s cm³","few":"%1$s cm³","many":"%1$s cm³","other":"%1$s cm³"},"cubic-foot":{"_name":"ft³","one":"%1$s ft³","few":"%1$s ft³","many":"%1$s ft³","other":"%1$s ft³"},"cubic-inch":{"_name":"in³","one":"%1$s in³","few":"%1$s in³","many":"%1$s in³","other":"%1$s in³"},"cubic-kilometer":{"_name":"km³","one":"%1$s km³","few":"%1$s km³","many":"%1$s km³","other":"%1$s km³"},"cubic-meter":{"_name":"m³","one":"%1$s m³","few":"%1$s m³","many":"%1$s m³","other":"%1$s m³"},"cubic-mile":{"_name":"mi³","one":"%1$s mi³","few":"%1$s mi³","many":"%1$s mi³","other":"%1$s mi³"},"cubic-yard":{"_name":"yd³","one":"%1$s yd³","few":"%1$s yd³","many":"%1$s yd³","other":"%1$s yd³"},"cup":{"_name":"c","one":"%1$s c","few":"%1$s c","many":"%1$s c","other":"%1$s c"},"deciliter":{"_name":"dl","one":"%1$s dl","few":"%1$s dl","many":"%1$s dl","other":"%1$s dl"},"fluid-ounce":{"_name":"fl oz","one":"%1$s fl oz","few":"%1$s fl oz","many":"%1$s fl oz","other":"%1$s fl oz"},"gallon":{"_name":"gal","one":"%1$s gal","few":"%1$s gal","many":"%1$s gal","other":"%1$s gal"},"hectoliter":{"_name":"hl","one":"%1$s hl","few":"%1$s hl","many":"%1$s hl","other":"%1$s hl"},"liter":{"_name":"l","one":"%1$s l","few":"%1$s l","many":"%1$s l","other":"%1$s l"},"megaliter":{"_name":"Ml","one":"%1$s Ml","few":"%1$s Ml","many":"%1$s Ml","other":"%1$s Ml"},"milliliter":{"_name":"ml","one":"%1$s ml","few":"%1$s ml","many":"%1$s ml","other":"%1$s ml"},"pint":{"_name":"pt","one":"%1$s pt","few":"%1$s pt","many":"%1$s pt","other":"%1$s pt"},"quart":{"_name":"qt","one":"%1$s qt","few":"%1$s qt","many":"%1$s qt","other":"%1$s qt"},"tablespoon":{"_name":"tbsp","one":"%1$s tbsp","few":"%1$s tbsp","many":"%1$s tbsp","other":"%1$s tbsp"},"teaspoon":{"_name":"tsp","one":"%1$s tsp","few":"%1$s tsp","many":"%1$s tsp","other":"%1$s tsp"}}},"narrow":{"_compoundPattern":"%1$s/%2$s","acceleration":{"g-force":{"_name":"jednotka preťaženia","one":"%1$sG","few":"%1$sG","many":"%1$sG","other":"%1$sG"},"meter-per-second-squared":{"_name":"m/s²","one":"%1$s m/s²","few":"%1$s m/s²","many":"%1$s m/s²","other":"%1$s m/s²"}},"angle":{"arc-minute":{"_name":"′","one":"%1$s′","few":"%1$s′","many":"%1$s′","other":"%1$s′"},"arc-second":{"_name":"″","one":"%1$s″","few":"%1$s″","many":"%1$s″","other":"%1$s″"},"degree":{"_name":"°","one":"%1$s°","few":"%1$s°","many":"%1$s°","other":"%1$s°"},"radian":{"_name":"rad","one":"%1$s rad","few":"%1$s rad","many":"%1$s rad","other":"%1$s rad"}},"area":{"acre":{"_name":"akre","one":"%1$sac","few":"%1$sac","many":"%1$sac","other":"%1$sac"},"hectare":{"_name":"hektáre","one":"%1$sha","few":"%1$sha","many":"%1$sha","other":"%1$sha"},"square-centimeter":{"_name":"cm²","one":"%1$s cm²","few":"%1$s cm²","many":"%1$s cm²","other":"%1$s cm²"},"square-foot":{"_name":"ft²","one":"%1$sft²","few":"%1$sft²","many":"%1$sft²","other":"%1$sft²"},"square-inch":{"_name":"in²","one":"%1$s in²","few":"%1$s in²","many":"%1$s in²","other":"%1$s in²"},"square-kilometer":{"_name":"km²","one":"%1$s km²","few":"%1$s km²","many":"%1$s km²","other":"%1$s km²"},"square-meter":{"_name":"m²","one":"%1$s m²","few":"%1$s m²","many":"%1$s m²","other":"%1$s m²"},"square-mile":{"_name":"mi²","one":"%1$smi²","few":"%1$smi²","many":"%1$smi²","other":"%1$smi²"},"square-yard":{"_name":"yd²","one":"%1$s yd²","few":"%1$s yd²","many":"%1$s yd²","other":"%1$s yd²"}},"consumption":{"liter-per-kilometer":{"_name":"l/km","one":"%1$s l/km","few":"%1$s l/km","many":"%1$s l/km","other":"%1$s l/km"},"mile-per-gallon":{"_name":"mpg","one":"%1$s mpg","few":"%1$s mpg","many":"%1$s mpg","other":"%1$s mpg"}},"digital":{"bit":{"_name":"bit","one":"%1$s b","few":"%1$s b","many":"%1$s b","other":"%1$s b"},"byte":{"_name":"bajt","one":"%1$s B","few":"%1$s B","many":"%1$s B","other":"%1$s B"},"gigabit":{"_name":"Gb","one":"%1$s Gb","few":"%1$s Gb","many":"%1$s Gb","other":"%1$s Gb"},"gigabyte":{"_name":"GB","one":"%1$s GB","few":"%1$s GB","many":"%1$s GB","other":"%1$s GB"},"kilobit":{"_name":"kb","one":"%1$s kb","few":"%1$s kb","many":"%1$s kb","other":"%1$s kb"},"kilobyte":{"_name":"kB","one":"%1$s kB","few":"%1$s kB","many":"%1$s kB","other":"%1$s kB"},"megabit":{"_name":"Mb","one":"%1$s Mb","few":"%1$s Mb","many":"%1$s Mb","other":"%1$s Mb"},"megabyte":{"_name":"MB","one":"%1$s MB","few":"%1$s MB","many":"%1$s MB","other":"%1$s MB"},"terabit":{"_name":"Tb","one":"%1$s Tb","few":"%1$s Tb","many":"%1$s Tb","other":"%1$s Tb"},"terabyte":{"_name":"TB","one":"%1$s TB","few":"%1$s TB","many":"%1$s TB","other":"%1$s TB"}},"duration":{"day":{"_name":"d.","one":"%1$s d.","few":"%1$s d.","many":"%1$s d.","other":"%1$s d."},"hour":{"_name":"h","one":"%1$s h","few":"%1$s h","many":"%1$s h","other":"%1$s h","_per":"%1$s/h"},"microsecond":{"_name":"μs","one":"%1$s μs","few":"%1$s μs","many":"%1$s μs","other":"%1$s μs"},"millisecond":{"_name":"ms","one":"%1$s ms","few":"%1$s ms","many":"%1$s ms","other":"%1$s ms"},"minute":{"_name":"min","one":"%1$s min","few":"%1$s min","many":"%1$s min","other":"%1$s min"},"month":{"_name":"m.","one":"%1$s m.","few":"%1$s m.","many":"%1$s m.","other":"%1$s m."},"nanosecond":{"_name":"ns","one":"%1$s ns","few":"%1$s ns","many":"%1$s ns","other":"%1$s ns"},"second":{"_name":"s","one":"%1$s s","few":"%1$s s","many":"%1$s s","other":"%1$s s","_per":"%1$s/s"},"week":{"_name":"t.","one":"%1$s t.","few":"%1$s t.","many":"%1$s t.","other":"%1$s t."},"year":{"_name":"r.","one":"%1$s r.","few":"%1$s r.","many":"%1$s r.","other":"%1$s r."}},"electric":{"ampere":{"_name":"A","one":"%1$s A","few":"%1$s A","many":"%1$s A","other":"%1$s A"},"milliampere":{"_name":"mA","one":"%1$s mA","few":"%1$s mA","many":"%1$s mA","other":"%1$s mA"},"ohm":{"_name":"Ω","one":"%1$s Ω","few":"%1$s Ω","many":"%1$s Ω","other":"%1$s Ω"},"volt":{"_name":"V","one":"%1$s V","few":"%1$s V","many":"%1$s V","other":"%1$s V"}},"energy":{"calorie":{"_name":"cal","one":"%1$s cal","few":"%1$s cal","many":"%1$s cal","other":"%1$s cal"},"foodcalorie":{"_name":"cal","one":"%1$s cal","few":"%1$s cal","many":"%1$s cal","other":"%1$s cal"},"joule":{"_name":"J","one":"%1$s J","few":"%1$s J","many":"%1$s J","other":"%1$s J"},"kilocalorie":{"_name":"kcal","one":"%1$s kcal","few":"%1$s kcal","many":"%1$s kcal","other":"%1$s kcal"},"kilojoule":{"_name":"kJ","one":"%1$s kJ","few":"%1$s kJ","many":"%1$s kJ","other":"%1$s kJ"},"kilowatt-hour":{"_name":"kWh","one":"%1$s kWh","few":"%1$s kWh","many":"%1$s kWh","other":"%1$s kWh"}},"frequency":{"gigahertz":{"_name":"GHz","one":"%1$s GHz","few":"%1$s GHz","many":"%1$s GHz","other":"%1$s GHz"},"hertz":{"_name":"Hz","one":"%1$s Hz","few":"%1$s Hz","many":"%1$s Hz","other":"%1$s Hz"},"kilohertz":{"_name":"kHz","one":"%1$s kHz","few":"%1$s kHz","many":"%1$s kHz","other":"%1$s kHz"},"megahertz":{"_name":"MHz","one":"%1$s MHz","few":"%1$s MHz","many":"%1$s MHz","other":"%1$s MHz"}},"length":{"astronomical-unit":{"_name":"au","one":"%1$s au","few":"%1$s au","many":"%1$s au","other":"%1$s au"},"centimeter":{"_name":"cm","one":"%1$s cm","few":"%1$s cm","many":"%1$s cm","other":"%1$s cm"},"decimeter":{"_name":"dm","one":"%1$s dm","few":"%1$s dm","many":"%1$s dm","other":"%1$s dm"},"fathom":{"_name":"fm","other":"%1$s fm"},"foot":{"_name":"ft","one":"%1$s′","few":"%1$s′","many":"%1$s′","other":"%1$s′"},"furlong":{"_name":"fur","other":"%1$s fur"},"inch":{"_name":"in","one":"%1$sin","few":"%1$sin","many":"%1$sin","other":"%1$sin"},"kilometer":{"_name":"km","one":"%1$s km","few":"%1$s km","many":"%1$s km","other":"%1$s km"},"light-year":{"_name":"ly","one":"%1$sly","few":"%1$sly","many":"%1$sly","other":"%1$sly"},"meter":{"_name":"m","one":"%1$s m","few":"%1$s m","many":"%1$s m","other":"%1$s m"},"micrometer":{"_name":"µm","one":"%1$s µm","few":"%1$s µm","many":"%1$s µm","other":"%1$s µm"},"mile":{"_name":"mi","one":"%1$smi","few":"%1$smi","many":"%1$smi","other":"%1$smi"},"millimeter":{"_name":"mm","one":"%1$s mm","few":"%1$s mm","many":"%1$s mm","other":"%1$s mm"},"nanometer":{"_name":"nm","one":"%1$s nm","few":"%1$s nm","many":"%1$s nm","other":"%1$s nm"},"nautical-mile":{"_name":"NM","one":"%1$s NM","few":"%1$s NM","many":"%1$s NM","other":"%1$s NM"},"parsec":{"_name":"pc","one":"%1$s pc","few":"%1$s pc","many":"%1$s pc","other":"%1$s pc"},"picometer":{"_name":"pm","one":"%1$spm","few":"%1$spm","many":"%1$spm","other":"%1$spm"},"yard":{"_name":"yd","one":"%1$syd","few":"%1$syd","many":"%1$syd","other":"%1$syd"}},"light":{"lux":{"_name":"lx","one":"%1$s lx","few":"%1$s lx","many":"%1$s lx","other":"%1$s lx"}},"mass":{"carat":{"_name":"ct","one":"%1$s ct","few":"%1$s ct","many":"%1$s ct","other":"%1$s ct"},"gram":{"_name":"g","one":"%1$s g","few":"%1$s g","many":"%1$s g","other":"%1$s g"},"kilogram":{"_name":"kg","one":"%1$s kg","few":"%1$s kg","many":"%1$s kg","other":"%1$s kg"},"metric-ton":{"_name":"t","one":"%1$s t","few":"%1$s t","many":"%1$s t","other":"%1$s t"},"microgram":{"_name":"µg","one":"%1$s µg","few":"%1$s µg","many":"%1$s µg","other":"%1$s µg"},"milligram":{"_name":"mg","one":"%1$s mg","few":"%1$s mg","many":"%1$s mg","other":"%1$s mg"},"ounce":{"_name":"oz","one":"%1$soz","few":"%1$soz","many":"%1$soz","other":"%1$soz"},"ounce-troy":{"_name":"oz t","one":"%1$s oz t","few":"%1$s oz t","many":"%1$s oz t","other":"%1$s oz t"},"pound":{"_name":"lb","one":"%1$slb","few":"%1$slb","many":"%1$slb","other":"%1$slb"},"stone":{"_name":"st","other":"%1$s st"},"ton":{"_name":"to","one":"%1$s to","few":"%1$s to","many":"%1$s to","other":"%1$s to"}},"power":{"gigawatt":{"_name":"GW","one":"%1$s GW","few":"%1$s GW","many":"%1$s GW","other":"%1$s GW"},"horsepower":{"_name":"hp","one":"%1$shp","few":"%1$shp","many":"%1$shp","other":"%1$shp"},"kilowatt":{"_name":"kW","one":"%1$skW","few":"%1$skW","many":"%1$skW","other":"%1$skW"},"megawatt":{"_name":"MW","one":"%1$s MW","few":"%1$s MW","many":"%1$s MW","other":"%1$s MW"},"milliwatt":{"_name":"mW","one":"%1$s mW","few":"%1$s mW","many":"%1$s mW","other":"%1$s mW"},"watt":{"_name":"W","one":"%1$sW","few":"%1$sW","many":"%1$sW","other":"%1$sW"}},"pressure":{"hectopascal":{"_name":"hPa","one":"%1$shPa","few":"%1$shPa","many":"%1$shPa","other":"%1$shPa"},"inch-hg":{"_name":"inHg","one":"%1$s\" Hg","few":"%1$s\" Hg","many":"%1$s\" Hg","other":"%1$s\" Hg"},"millibar":{"_name":"mbar","one":"%1$smb","few":"%1$smb","many":"%1$smb","other":"%1$smb"},"millimeter-of-mercury":{"_name":"mm Hg","one":"%1$s mm Hg","few":"%1$s mm Hg","many":"%1$s mm Hg","other":"%1$s mm Hg"},"pound-per-square-inch":{"_name":"psi","one":"%1$s psi","few":"%1$s psi","many":"%1$s psi","other":"%1$s psi"}},"proportion":{"karat":{"_name":"kt","one":"%1$s kt","few":"%1$s kt","many":"%1$s kt","other":"%1$s kt"}},"speed":{"kilometer-per-hour":{"_name":"km/h","one":"%1$s km/h","few":"%1$s km/h","many":"%1$s km/h","other":"%1$s km/h"},"meter-per-second":{"_name":"m/s","one":"%1$sm/s","few":"%1$sm/s","many":"%1$sm/s","other":"%1$sm/s"},"mile-per-hour":{"_name":"mi/h","one":"%1$smph","few":"%1$smph","many":"%1$smph","other":"%1$smph"}},"temperature":{"celsius":{"_name":"°C","one":"%1$s °C","few":"%1$s °C","many":"%1$s °C","other":"%1$s °C"},"fahrenheit":{"_name":"°F","one":"%1$s°F","few":"%1$s°F","many":"%1$s°F","other":"%1$s°F"},"kelvin":{"_name":"K","one":"%1$s K","few":"%1$s K","many":"%1$s K","other":"%1$s K"}},"volume":{"acre-foot":{"_name":"ac ft","one":"%1$s ac ft","few":"%1$s ac ft","many":"%1$s ac ft","other":"%1$s ac ft"},"bushel":{"_name":"bu","other":"%1$s bu"},"centiliter":{"_name":"cl","one":"%1$s cl","few":"%1$s cl","many":"%1$s cl","other":"%1$s cl"},"cubic-centimeter":{"_name":"cm³","one":"%1$s cm³","few":"%1$s cm³","many":"%1$s cm³","other":"%1$s cm³"},"cubic-foot":{"_name":"ft³","one":"%1$s ft³","few":"%1$s ft³","many":"%1$s ft³","other":"%1$s ft³"},"cubic-inch":{"_name":"in³","one":"%1$s in³","few":"%1$s in³","many":"%1$s in³","other":"%1$s in³"},"cubic-kilometer":{"_name":"km³","one":"%1$skm³","few":"%1$skm³","many":"%1$skm³","other":"%1$skm³"},"cubic-meter":{"_name":"m³","one":"%1$s m³","few":"%1$s m³","many":"%1$s m³","other":"%1$s m³"},"cubic-mile":{"_name":"mi³","one":"%1$smi³","few":"%1$smi³","many":"%1$smi³","other":"%1$smi³"},"cubic-yard":{"_name":"yd³","one":"%1$s yd³","few":"%1$s yd³","many":"%1$s yd³","other":"%1$s yd³"},"cup":{"_name":"c","one":"%1$s c","few":"%1$s c","many":"%1$s c","other":"%1$s c"},"deciliter":{"_name":"dl","one":"%1$s dl","few":"%1$s dl","many":"%1$s dl","other":"%1$s dl"},"fluid-ounce":{"_name":"fl oz","one":"%1$s fl oz","few":"%1$s fl oz","many":"%1$s fl oz","other":"%1$s fl oz"},"gallon":{"_name":"gal","one":"%1$s gal","few":"%1$s gal","many":"%1$s gal","other":"%1$s gal"},"hectoliter":{"_name":"hl","one":"%1$s hl","few":"%1$s hl","many":"%1$s hl","other":"%1$s hl"},"liter":{"_name":"l","one":"%1$s l","few":"%1$s l","many":"%1$s l","other":"%1$s l"},"megaliter":{"_name":"Ml","one":"%1$s Ml","few":"%1$s Ml","many":"%1$s Ml","other":"%1$s Ml"},"milliliter":{"_name":"ml","one":"%1$s ml","few":"%1$s ml","many":"%1$s ml","other":"%1$s ml"},"pint":{"_name":"pt","one":"%1$s pt","few":"%1$s pt","many":"%1$s pt","other":"%1$s pt"},"quart":{"_name":"qt","one":"%1$s qt","few":"%1$s qt","many":"%1$s qt","other":"%1$s qt"},"tablespoon":{"_name":"tbsp","one":"%1$s tbsp","few":"%1$s tbsp","many":"%1$s tbsp","other":"%1$s tbsp"},"teaspoon":{"_name":"tsp","one":"%1$s tsp","few":"%1$s tsp","many":"%1$s tsp","other":"%1$s tsp"}}},"_durationPattern":{"hm":"h:mm","hms":"h:mm:ss","ms":"m:ss"}}