{"months":{"format":{"abbreviated":{"1":"січ.","2":"лют.","3":"бер.","4":"квіт.","5":"трав.","6":"черв.","7":"лип.","8":"серп.","9":"вер.","10":"жовт.","11":"лист.","12":"груд."},"narrow":{"1":"С","2":"Л","3":"Б","4":"К","5":"Т","6":"Ч","7":"Л","8":"С","9":"В","10":"Ж","11":"Л","12":"Г"},"wide":{"1":"січня","2":"лютого","3":"березня","4":"квітня","5":"травня","6":"червня","7":"липня","8":"серпня","9":"вересня","10":"жовтня","11":"листопада","12":"грудня"}},"stand-alone":{"abbreviated":{"1":"Січ","2":"Лют","3":"Бер","4":"Кві","5":"Тра","6":"Чер","7":"Лип","8":"Сер","9":"Вер","10":"Жов","11":"Лис","12":"Гру"},"narrow":{"1":"С","2":"Л","3":"Б","4":"К","5":"Т","6":"Ч","7":"Л","8":"С","9":"В","10":"Ж","11":"Л","12":"Г"},"wide":{"1":"Січень","2":"Лютий","3":"Березень","4":"Квітень","5":"Травень","6":"Червень","7":"Липень","8":"Серпень","9":"Вересень","10":"Жовтень","11":"Листопад","12":"Грудень"}}},"days":{"format":{"abbreviated":{"sun":"Нд","mon":"Пн","tue":"Вт","wed":"Ср","thu":"Чт","fri":"Пт","sat":"Сб"},"narrow":{"sun":"Н","mon":"П","tue":"В","wed":"С","thu":"Ч","fri":"П","sat":"С"},"short":{"sun":"Нд","mon":"Пн","tue":"Вт","wed":"Ср","thu":"Чт","fri":"Пт","sat":"Сб"},"wide":{"sun":"неділя","mon":"понеділок","tue":"вівторок","wed":"середа","thu":"четвер","fri":"пʼятниця","sat":"субота"}},"stand-alone":{"abbreviated":{"sun":"Нд","mon":"Пн","tue":"Вт","wed":"Ср","thu":"Чт","fri":"Пт","sat":"Сб"},"narrow":{"sun":"Н","mon":"П","tue":"В","wed":"С","thu":"Ч","fri":"П","sat":"С"},"short":{"sun":"Нд","mon":"Пн","tue":"Вт","wed":"Ср","thu":"Чт","fri":"Пт","sat":"Сб"},"wide":{"sun":"Неділя","mon":"Понеділок","tue":"Вівторок","wed":"Середа","thu":"Четвер","fri":"Пʼятниця","sat":"Субота"}}},"quarters":{"format":{"abbreviated":{"1":"I кв.","2":"II кв.","3":"III кв.","4":"IV кв."},"narrow":{"1":"1","2":"2","3":"3","4":"4"},"wide":{"1":"I квартал","2":"II квартал","3":"III квартал","4":"IV квартал"}},"stand-alone":{"abbreviated":{"1":"1-й кв.","2":"2-й кв.","3":"3-й кв.","4":"4-й кв."},"narrow":{"1":"1","2":"2","3":"3","4":"4"},"wide":{"1":"1-й квартал","2":"2-й квартал","3":"3-й квартал","4":"4-й квартал"}}},"dayPeriods":{"format":{"abbreviated":{"afternoon":"дня","am":"дп","evening":"вечора","morning":"ранку","night":"ночі","noon":"полудня","pm":"пп"},"narrow":{"afternoon":"дня","am":"дп","evening":"вечора","morning":"ранку","noon":"п","pm":"пп"},"wide":{"afternoon":"дня","am":"дп","evening":"вечора","morning":"ранку","night":"ночі","noon":"полудня","pm":"пп"}},"stand-alone":{"abbreviated":{"afternoon":"дня","am":"дп","evening":"вечора","morning":"ранку","night":"ночі","noon":"полудня","pm":"пп"},"narrow":{"afternoon":"дня","am":"дп","evening":"вечора","morning":"ранку","noon":"п","pm":"пп"},"wide":{"afternoon":"дня","am":"дп","evening":"вечора","morning":"ранку","night":"ночі","noon":"полудня","pm":"пп"}}},"eras":{"wide":{"0":"до нашої ери","0-alt-variant":"BCE","1":"нашої ери","1-alt-variant":"н. е."},"abbreviated":{"0":"до н.е.","0-alt-variant":"BCE","1":"н.е.","1-alt-variant":"н. е."},"narrow":{"0":"до н.е.","0-alt-variant":"до н. е.","1":"н.е.","1-alt-variant":"н. е."}},"dateFormats":{"full":"EEEE, d MMMM y 'р'.","long":"d MMMM y 'р'.","medium":"d MMM y 'р'.","short":"dd.MM.yy"},"timeFormats":{"full":"HH:mm:ss zzzz","long":"HH:mm:ss z","medium":"HH:mm:ss","short":"HH:mm"},"dateTimeFormats":{"full":"%2$s %1$s","long":"%2$s %1$s","medium":"%2$s %1$s","short":"%2$s %1$s"}}