{"localeDisplayPattern":{"localePattern":"%1$s (%2$s)","localeSeparator":"%1$s, %2$s","localeKeyTypePattern":"%1$s: %2$s"},"keys":{"calendar":"Календар","colAlternate":"Ігнорувати сортування за символами","colBackwards":"Зворотне сортування за діактричними знаками","colCaseFirst":"Упорядкування за великими/малими символами","colCaseLevel":"Сортування з урахуванням регістру","colHiraganaQuaternary":"Сортування кана","colNormalization":"Уніфіковане сортування","colNumeric":"Цифрове сортування","colStrength":"Інтенсивність сортування","collation":"Порядок сортування","currency":"Валюта","numbers":"Цифри","timezone":"Часовий пояс","va":"Варіант мовного коду","variableTop":"Сортувати як символи","x":"Особисте використання"},"types":{"numbers":{"vaii":"Цифри ваї"},"collation":{"zhuyin":"zhuyin"},"calendar":{"roc":"Китайський григоріанський календар"},"colStrength":{"tertiary":"Сортувати за діактричними знаками/регістром/шириною"},"colCaseFirst":{"upper":"Сортувати спершу за великими символами"},"colBackwards":{"yes":"Сортувати за діактричними знаками у зворотньому порядку"},"colCaseLevel":{"yes":"Сортувати з урахуванням регістру"},"colHiraganaQuaternary":{"yes":"Сортувати за кана інакше"},"colNormalization":{"yes":"Сортувати за Unicode уніфіковано"},"colNumeric":{"yes":"Сортувати за цифрами чисельно"},"colAlternate":{"shifted":"Сортувати, ігноруючи символи"}},"codePatterns":{"language":"Мова: %1$s","script":"Система письма: %1$s","territory":"Територія: %1$s"}}